datetime,open,high,low,close,volume,volumeCcy,symbol,exchange,timeframe
2022-09-01 00:00:00,1553.6,1566.59,1533.42,1551.11,2964868.0,296486.8,ETH-USDT-SWAP,OKX,60
2022-09-01 01:00:00,1551.11,1564.83,1547.7,1559.68,1765323.0,176532.3,ETH-USDT-SWAP,OKX,60
2022-09-01 02:00:00,1559.68,1574.0,1550.99,1556.95,2101475.0,210147.5,ETH-USDT-SWAP,OKX,60
2022-09-01 03:00:00,1556.96,1564.0,1537.26,1549.7,2323762.0,232376.2,ETH-USDT-SWAP,OKX,60
2022-09-01 04:00:00,1549.7,1557.4,1542.39,1551.51,1331702.0,133170.2,ETH-USDT-SWAP,OKX,60
2022-09-01 05:00:00,1551.52,1562.85,1548.32,1553.39,1296330.0,129633.0,ETH-USDT-SWAP,OKX,60
2022-09-01 06:00:00,1553.24,1556.0,1544.4,1550.68,1446764.0,144676.4,ETH-USDT-SWAP,OKX,60
2022-09-01 07:00:00,1550.53,1550.71,1530.37,1544.79,2713199.0,271319.9,ETH-USDT-SWAP,OKX,60
2022-09-01 08:00:00,1544.66,1549.98,1531.65,1547.47,1811536.0,181153.6,ETH-USDT-SWAP,OKX,60
2022-09-01 09:00:00,1547.47,1554.71,1538.31,1549.81,1844082.0,184408.2,ETH-USDT-SWAP,OKX,60
2022-09-01 10:00:00,1549.81,1568.0,1547.42,1565.24,1592637.0,159263.7,ETH-USDT-SWAP,OKX,60
2022-09-01 11:00:00,1565.24,1586.7,1558.02,1577.63,3211908.0,321190.8,ETH-USDT-SWAP,OKX,60
2022-09-01 12:00:00,1577.63,1580.9,1551.13,1564.67,3236839.0,323683.9,ETH-USDT-SWAP,OKX,60
2022-09-01 13:00:00,1564.68,1577.15,1554.43,1567.46,3123129.0,312312.9,ETH-USDT-SWAP,OKX,60
2022-09-01 14:00:00,1567.4,1569.46,1513.51,1518.25,6946107.0,694610.7,ETH-USDT-SWAP,OKX,60
2022-09-01 15:00:00,1518.25,1547.26,1512.42,1536.14,3688423.0,368842.3,ETH-USDT-SWAP,OKX,60
2022-09-01 16:00:00,1536.13,1542.54,1523.28,1539.11,2549969.0,254996.9,ETH-USDT-SWAP,OKX,60
2022-09-01 17:00:00,1539.12,1569.47,1536.28,1555.21,3460944.0,346094.4,ETH-USDT-SWAP,OKX,60
2022-09-01 18:00:00,1555.22,1572.74,1552.64,1559.57,1772065.0,177206.5,ETH-USDT-SWAP,OKX,60
2022-09-01 19:00:00,1559.58,1569.69,1556.06,1564.41,856123.0,85612.3,ETH-USDT-SWAP,OKX,60
2022-09-01 20:00:00,1564.48,1585.52,1561.59,1580.12,1489377.0,148937.7,ETH-USDT-SWAP,OKX,60
2022-09-01 21:00:00,1580.12,1595.88,1576.15,1581.1,1076053.0,107605.3,ETH-USDT-SWAP,OKX,60
2022-09-01 22:00:00,1581.1,1600.0,1581.1,1586.38,1194919.0,119491.9,ETH-USDT-SWAP,OKX,60
2022-09-01 23:00:00,1586.39,1591.06,1581.3,1585.86,651100.0,65110.0,ETH-USDT-SWAP,OKX,60
2022-09-02 00:00:00,1585.86,1585.9,1572.52,1581.43,986958.0,98695.8,ETH-USDT-SWAP,OKX,60
2022-09-02 01:00:00,1581.42,1583.0,1570.77,1579.74,862133.0,86213.3,ETH-USDT-SWAP,OKX,60
2022-09-02 02:00:00,1579.74,1584.8,1567.26,1577.9,1239697.0,123969.7,ETH-USDT-SWAP,OKX,60
2022-09-02 03:00:00,1577.91,1606.0,1577.52,1595.61,3028123.0,302812.3,ETH-USDT-SWAP,OKX,60
2022-09-02 04:00:00,1595.6,1611.57,1591.52,1594.0,1675677.0,167567.7,ETH-USDT-SWAP,OKX,60
2022-09-02 05:00:00,1594.0,1594.6,1586.36,1591.29,1281357.0,128135.7,ETH-USDT-SWAP,OKX,60
2022-09-02 06:00:00,1591.29,1592.43,1578.4,1588.34,1373160.0,137316.0,ETH-USDT-SWAP,OKX,60
2022-09-02 07:00:00,1588.33,1597.0,1581.8,1593.75,1231558.0,123155.8,ETH-USDT-SWAP,OKX,60
2022-09-02 08:00:00,1593.72,1597.88,1583.55,1589.81,1151899.0,115189.9,ETH-USDT-SWAP,OKX,60
2022-09-02 09:00:00,1589.8,1597.72,1586.37,1593.51,930999.0,93099.9,ETH-USDT-SWAP,OKX,60
2022-09-02 10:00:00,1593.49,1602.7,1582.0,1589.17,1876237.0,187623.7,ETH-USDT-SWAP,OKX,60
2022-09-02 11:00:00,1589.16,1593.88,1582.01,1593.36,1064104.0,106410.4,ETH-USDT-SWAP,OKX,60
2022-09-02 12:00:00,1593.34,1645.0,1583.67,1623.8,11319148.0,1131914.8,ETH-USDT-SWAP,OKX,60
2022-09-02 13:00:00,1623.81,1645.0,1620.45,1629.14,4341526.0,434152.6,ETH-USDT-SWAP,OKX,60
2022-09-02 14:00:00,1629.15,1649.24,1621.45,1637.51,3006279.0,300627.9,ETH-USDT-SWAP,OKX,60
2022-09-02 15:00:00,1637.51,1642.99,1629.66,1636.01,1303670.0,130367.0,ETH-USDT-SWAP,OKX,60
2022-09-02 16:00:00,1635.96,1639.2,1603.65,1610.12,3182212.0,318221.2,ETH-USDT-SWAP,OKX,60
2022-09-02 17:00:00,1610.12,1613.31,1580.3,1583.54,4804390.0,480439.0,ETH-USDT-SWAP,OKX,60
2022-09-02 18:00:00,1583.53,1589.81,1570.67,1578.02,2870574.0,287057.4,ETH-USDT-SWAP,OKX,60
2022-09-02 19:00:00,1578.02,1581.53,1545.6,1561.48,3343392.0,334339.2,ETH-USDT-SWAP,OKX,60
2022-09-02 20:00:00,1561.47,1569.1,1550.37,1568.47,1240936.0,124093.6,ETH-USDT-SWAP,OKX,60
2022-09-02 21:00:00,1568.45,1584.9,1567.43,1579.8,1065679.0,106567.9,ETH-USDT-SWAP,OKX,60
2022-09-02 22:00:00,1579.8,1586.95,1568.03,1580.49,1110005.0,111000.5,ETH-USDT-SWAP,OKX,60
2022-09-02 23:00:00,1580.48,1581.99,1572.41,1575.04,704982.0,70498.2,ETH-USDT-SWAP,OKX,60
2022-09-03 00:00:00,1575.21,1582.54,1566.13,1577.05,1224854.0,122485.4,ETH-USDT-SWAP,OKX,60
2022-09-03 01:00:00,1577.05,1578.42,1568.36,1573.45,716946.0,71694.6,ETH-USDT-SWAP,OKX,60
2022-09-03 02:00:00,1573.44,1573.79,1558.66,1567.76,1122165.0,112216.5,ETH-USDT-SWAP,OKX,60
2022-09-03 03:00:00,1567.75,1567.76,1554.43,1561.59,1299718.0,129971.8,ETH-USDT-SWAP,OKX,60
2022-09-03 04:00:00,1561.59,1567.96,1558.58,1565.41,615129.0,61512.9,ETH-USDT-SWAP,OKX,60
2022-09-03 05:00:00,1565.41,1573.5,1565.41,1570.93,760219.0,76021.9,ETH-USDT-SWAP,OKX,60
2022-09-03 06:00:00,1570.93,1572.0,1558.01,1564.43,957851.0,95785.1,ETH-USDT-SWAP,OKX,60
2022-09-03 07:00:00,1564.44,1567.38,1533.6,1543.55,2683897.0,268389.7,ETH-USDT-SWAP,OKX,60
2022-09-03 08:00:00,1543.54,1552.23,1540.0,1544.17,1432698.0,143269.8,ETH-USDT-SWAP,OKX,60
2022-09-03 09:00:00,1544.17,1554.54,1538.96,1551.46,1207957.0,120795.7,ETH-USDT-SWAP,OKX,60
2022-09-03 10:00:00,1551.46,1559.5,1550.25,1555.5,1038475.0,103847.5,ETH-USDT-SWAP,OKX,60
2022-09-03 11:00:00,1555.5,1556.24,1543.02,1548.47,916707.0,91670.7,ETH-USDT-SWAP,OKX,60
2022-09-03 12:00:00,1548.48,1558.82,1545.64,1557.2,883634.0,88363.4,ETH-USDT-SWAP,OKX,60
2022-09-03 13:00:00,1557.21,1566.93,1552.78,1561.2,1185413.0,118541.3,ETH-USDT-SWAP,OKX,60
2022-09-03 14:00:00,1561.2,1561.69,1545.0,1549.87,1244564.0,124456.4,ETH-USDT-SWAP,OKX,60
2022-09-03 15:00:00,1549.87,1552.83,1543.05,1548.34,832515.0,83251.5,ETH-USDT-SWAP,OKX,60
2022-09-03 16:00:00,1548.34,1555.5,1545.6,1549.88,776160.0,77616.0,ETH-USDT-SWAP,OKX,60
2022-09-03 17:00:00,1549.88,1555.7,1545.29,1553.69,686803.0,68680.3,ETH-USDT-SWAP,OKX,60
2022-09-03 18:00:00,1553.69,1557.93,1548.19,1550.94,518519.0,51851.9,ETH-USDT-SWAP,OKX,60
2022-09-03 19:00:00,1550.94,1563.94,1535.0,1549.0,1719371.0,171937.1,ETH-USDT-SWAP,OKX,60
2022-09-03 20:00:00,1549.0,1553.9,1546.57,1552.77,443003.0,44300.3,ETH-USDT-SWAP,OKX,60
2022-09-03 21:00:00,1552.76,1556.86,1551.41,1551.89,252069.0,25206.9,ETH-USDT-SWAP,OKX,60
2022-09-03 22:00:00,1551.9,1561.28,1551.9,1555.27,446705.0,44670.5,ETH-USDT-SWAP,OKX,60
2022-09-03 23:00:00,1555.26,1558.3,1549.42,1557.36,337541.0,33754.1,ETH-USDT-SWAP,OKX,60
2022-09-04 00:00:00,1557.37,1561.4,1553.69,1557.11,490233.0,49023.3,ETH-USDT-SWAP,OKX,60
2022-09-04 01:00:00,1557.11,1560.47,1552.36,1554.91,467262.0,46726.2,ETH-USDT-SWAP,OKX,60
2022-09-04 02:00:00,1554.91,1558.25,1552.7,1553.14,383646.0,38364.6,ETH-USDT-SWAP,OKX,60
2022-09-04 03:00:00,1553.14,1555.5,1547.09,1552.03,493226.0,49322.6,ETH-USDT-SWAP,OKX,60
2022-09-04 04:00:00,1552.02,1556.79,1549.57,1555.99,464803.0,46480.3,ETH-USDT-SWAP,OKX,60
2022-09-04 05:00:00,1555.99,1556.67,1551.8,1552.47,393050.0,39305.0,ETH-USDT-SWAP,OKX,60
2022-09-04 06:00:00,1552.47,1554.24,1543.0,1548.75,802906.0,80290.6,ETH-USDT-SWAP,OKX,60
2022-09-04 07:00:00,1548.63,1551.87,1543.43,1545.51,798985.0,79898.5,ETH-USDT-SWAP,OKX,60
2022-09-04 08:00:00,1545.5,1556.0,1540.08,1553.59,1786053.0,178605.3,ETH-USDT-SWAP,OKX,60
2022-09-04 09:00:00,1553.59,1560.86,1552.49,1552.68,1072639.0,107263.9,ETH-USDT-SWAP,OKX,60
2022-09-04 10:00:00,1552.69,1557.6,1550.6,1554.76,624659.0,62465.9,ETH-USDT-SWAP,OKX,60
2022-09-04 11:00:00,1554.77,1564.88,1551.0,1564.57,719180.0,71918.0,ETH-USDT-SWAP,OKX,60
2022-09-04 12:00:00,1564.8,1584.0,1556.01,1570.53,3726288.0,372628.8,ETH-USDT-SWAP,OKX,60
2022-09-04 13:00:00,1570.54,1571.99,1545.71,1548.75,1948075.0,194807.5,ETH-USDT-SWAP,OKX,60
2022-09-04 14:00:00,1548.75,1554.96,1544.12,1553.99,1279955.0,127995.5,ETH-USDT-SWAP,OKX,60
2022-09-04 15:00:00,1553.99,1562.02,1550.71,1560.4,1110214.0,111021.4,ETH-USDT-SWAP,OKX,60
2022-09-04 16:00:00,1560.41,1570.68,1555.46,1567.3,1467904.0,146790.4,ETH-USDT-SWAP,OKX,60
2022-09-04 17:00:00,1567.3,1576.36,1564.21,1569.65,1426851.0,142685.1,ETH-USDT-SWAP,OKX,60
2022-09-04 18:00:00,1569.65,1572.96,1561.14,1565.14,781088.0,78108.8,ETH-USDT-SWAP,OKX,60
2022-09-04 19:00:00,1565.15,1569.92,1561.84,1566.9,374938.0,37493.8,ETH-USDT-SWAP,OKX,60
2022-09-04 20:00:00,1566.9,1573.97,1563.94,1570.47,485680.0,48568.0,ETH-USDT-SWAP,OKX,60
2022-09-04 21:00:00,1570.48,1584.88,1562.62,1571.04,826373.0,82637.3,ETH-USDT-SWAP,OKX,60
2022-09-04 22:00:00,1571.08,1572.46,1564.0,1566.74,535527.0,53552.7,ETH-USDT-SWAP,OKX,60
2022-09-04 23:00:00,1566.74,1581.1,1566.04,1578.99,1247122.0,124712.2,ETH-USDT-SWAP,OKX,60
2022-09-05 00:00:00,1578.92,1595.0,1571.0,1575.32,1878320.0,187832.0,ETH-USDT-SWAP,OKX,60
2022-09-05 01:00:00,1575.33,1583.7,1569.85,1572.92,1134671.0,113467.1,ETH-USDT-SWAP,OKX,60
2022-09-05 02:00:00,1572.92,1578.25,1568.66,1576.23,705672.0,70567.2,ETH-USDT-SWAP,OKX,60
2022-09-05 03:00:00,1576.22,1578.4,1569.08,1575.26,615948.0,61594.8,ETH-USDT-SWAP,OKX,60
2022-09-05 04:00:00,1575.27,1580.0,1571.95,1576.46,584052.0,58405.2,ETH-USDT-SWAP,OKX,60
2022-09-05 05:00:00,1576.46,1577.06,1557.0,1562.29,2010432.0,201043.2,ETH-USDT-SWAP,OKX,60
2022-09-05 06:00:00,1562.29,1570.44,1558.8,1567.88,1024494.0,102449.4,ETH-USDT-SWAP,OKX,60
2022-09-05 07:00:00,1567.87,1568.19,1558.0,1562.66,1010534.0,101053.4,ETH-USDT-SWAP,OKX,60
2022-09-05 08:00:00,1562.65,1567.0,1558.23,1565.01,685560.0,68556.0,ETH-USDT-SWAP,OKX,60
2022-09-05 09:00:00,1565.02,1569.0,1560.5,1565.36,750571.0,75057.1,ETH-USDT-SWAP,OKX,60
2022-09-05 10:00:00,1565.37,1568.89,1557.14,1561.53,1220370.0,122037.0,ETH-USDT-SWAP,OKX,60
2022-09-05 11:00:00,1561.52,1567.73,1560.0,1566.42,815712.0,81571.2,ETH-USDT-SWAP,OKX,60
2022-09-05 12:00:00,1566.41,1577.0,1562.1,1572.04,1442579.0,144257.9,ETH-USDT-SWAP,OKX,60
2022-09-05 13:00:00,1572.05,1582.37,1569.28,1574.0,1684236.0,168423.6,ETH-USDT-SWAP,OKX,60
2022-09-05 14:00:00,1573.99,1593.0,1571.8,1589.97,2172290.0,217229.0,ETH-USDT-SWAP,OKX,60
2022-09-05 15:00:00,1589.97,1606.58,1589.97,1600.0,3422130.0,342213.0,ETH-USDT-SWAP,OKX,60
2022-09-05 16:00:00,1600.0,1610.0,1594.3,1599.24,2120424.0,212042.4,ETH-USDT-SWAP,OKX,60
2022-09-05 17:00:00,1599.23,1601.49,1588.11,1593.75,1116966.0,111696.6,ETH-USDT-SWAP,OKX,60
2022-09-05 18:00:00,1593.75,1598.24,1575.3,1587.16,1887054.0,188705.4,ETH-USDT-SWAP,OKX,60
2022-09-05 19:00:00,1587.16,1592.0,1583.61,1585.8,814823.0,81482.3,ETH-USDT-SWAP,OKX,60
2022-09-05 20:00:00,1585.79,1599.98,1585.18,1597.28,677470.0,67747.0,ETH-USDT-SWAP,OKX,60
2022-09-05 21:00:00,1597.28,1604.0,1591.86,1596.53,504069.0,50406.9,ETH-USDT-SWAP,OKX,60
2022-09-05 22:00:00,1596.53,1606.3,1592.13,1606.0,729854.0,72985.4,ETH-USDT-SWAP,OKX,60
2022-09-05 23:00:00,1605.79,1633.04,1598.46,1617.57,2487066.0,248706.6,ETH-USDT-SWAP,OKX,60
2022-09-06 00:00:00,1617.8,1675.95,1615.06,1662.29,4895636.0,489563.6,ETH-USDT-SWAP,OKX,60
2022-09-06 01:00:00,1662.3,1676.0,1638.1,1639.36,3583325.0,358332.5,ETH-USDT-SWAP,OKX,60
2022-09-06 02:00:00,1639.37,1646.94,1624.4,1643.49,3238369.0,323836.9,ETH-USDT-SWAP,OKX,60
2022-09-06 03:00:00,1643.49,1645.64,1627.36,1640.28,1492423.0,149242.3,ETH-USDT-SWAP,OKX,60
2022-09-06 04:00:00,1640.28,1655.31,1636.99,1639.87,1768773.0,176877.3,ETH-USDT-SWAP,OKX,60
2022-09-06 05:00:00,1639.87,1663.99,1636.88,1651.62,2256925.0,225692.5,ETH-USDT-SWAP,OKX,60
2022-09-06 06:00:00,1651.68,1679.0,1649.0,1665.97,2865310.0,286531.0,ETH-USDT-SWAP,OKX,60
2022-09-06 07:00:00,1665.97,1671.98,1654.0,1658.72,1728641.0,172864.1,ETH-USDT-SWAP,OKX,60
2022-09-06 08:00:00,1658.63,1668.5,1653.0,1665.2,1548240.0,154824.0,ETH-USDT-SWAP,OKX,60
2022-09-06 09:00:00,1665.2,1666.0,1646.12,1657.82,1555502.0,155550.2,ETH-USDT-SWAP,OKX,60
2022-09-06 10:00:00,1657.83,1668.64,1652.39,1663.49,1274720.0,127472.0,ETH-USDT-SWAP,OKX,60
2022-09-06 11:00:00,1663.29,1679.55,1659.58,1667.88,2022172.0,202217.2,ETH-USDT-SWAP,OKX,60
2022-09-06 12:00:00,1667.95,1686.79,1664.05,1664.4,3019444.0,301944.4,ETH-USDT-SWAP,OKX,60
2022-09-06 13:00:00,1664.39,1671.55,1637.99,1649.57,3806843.0,380684.3,ETH-USDT-SWAP,OKX,60
2022-09-06 14:00:00,1649.58,1669.97,1635.88,1665.61,4224427.0,422442.7,ETH-USDT-SWAP,OKX,60
2022-09-06 15:00:00,1665.62,1673.56,1659.2,1669.41,2327804.0,232780.4,ETH-USDT-SWAP,OKX,60
2022-09-06 16:00:00,1669.4,1674.82,1650.65,1661.54,2589689.0,258968.9,ETH-USDT-SWAP,OKX,60
2022-09-06 17:00:00,1661.64,1662.84,1572.0,1587.6,10565097.0,1056509.7,ETH-USDT-SWAP,OKX,60
2022-09-06 18:00:00,1587.6,1592.88,1565.1,1573.02,3529145.0,352914.5,ETH-USDT-SWAP,OKX,60
2022-09-06 19:00:00,1573.02,1583.56,1562.36,1576.81,2241414.0,224141.4,ETH-USDT-SWAP,OKX,60
2022-09-06 20:00:00,1576.82,1582.5,1552.0,1581.84,2811806.0,281180.6,ETH-USDT-SWAP,OKX,60
2022-09-06 21:00:00,1581.83,1590.0,1577.37,1584.14,826202.0,82620.2,ETH-USDT-SWAP,OKX,60
2022-09-06 22:00:00,1584.14,1586.2,1574.87,1578.65,733785.0,73378.5,ETH-USDT-SWAP,OKX,60
2022-09-06 23:00:00,1578.65,1580.38,1556.51,1559.29,1311392.0,131139.2,ETH-USDT-SWAP,OKX,60
2022-09-07 00:00:00,1559.29,1567.8,1521.16,1537.44,3757726.0,375772.6,ETH-USDT-SWAP,OKX,60
2022-09-07 01:00:00,1537.43,1537.68,1520.66,1527.12,1261402.0,126140.2,ETH-USDT-SWAP,OKX,60
2022-09-07 02:00:00,1527.12,1529.58,1490.0,1497.61,4087215.0,408721.5,ETH-USDT-SWAP,OKX,60
2022-09-07 03:00:00,1497.77,1514.01,1496.77,1510.03,1312694.0,131269.4,ETH-USDT-SWAP,OKX,60
2022-09-07 04:00:00,1510.03,1515.0,1499.5,1511.11,1454513.0,145451.3,ETH-USDT-SWAP,OKX,60
2022-09-07 05:00:00,1511.12,1518.56,1507.0,1515.99,1106540.0,110654.0,ETH-USDT-SWAP,OKX,60
2022-09-07 06:00:00,1515.99,1526.13,1512.37,1518.06,1291570.0,129157.0,ETH-USDT-SWAP,OKX,60
2022-09-07 07:00:00,1518.07,1520.89,1509.0,1517.49,1154948.0,115494.8,ETH-USDT-SWAP,OKX,60
2022-09-07 08:00:00,1517.46,1522.73,1515.6,1520.07,735527.0,73552.7,ETH-USDT-SWAP,OKX,60
2022-09-07 09:00:00,1520.07,1524.0,1515.2,1518.08,713215.0,71321.5,ETH-USDT-SWAP,OKX,60
2022-09-07 10:00:00,1518.08,1520.48,1509.23,1512.1,1176634.0,117663.4,ETH-USDT-SWAP,OKX,60
2022-09-07 11:00:00,1512.1,1518.39,1502.3,1513.69,1362153.0,136215.3,ETH-USDT-SWAP,OKX,60
2022-09-07 12:00:00,1513.69,1517.9,1499.43,1517.2,1794805.0,179480.5,ETH-USDT-SWAP,OKX,60
2022-09-07 13:00:00,1517.2,1549.75,1516.8,1536.27,5273883.0,527388.3,ETH-USDT-SWAP,OKX,60
2022-09-07 14:00:00,1536.27,1549.23,1530.8,1543.31,2283316.0,228331.6,ETH-USDT-SWAP,OKX,60
2022-09-07 15:00:00,1543.3,1552.17,1538.25,1543.76,1607814.0,160781.4,ETH-USDT-SWAP,OKX,60
2022-09-07 16:00:00,1543.88,1559.24,1535.57,1553.78,2427344.0,242734.4,ETH-USDT-SWAP,OKX,60
2022-09-07 17:00:00,1553.79,1573.0,1551.91,1568.78,2117648.0,211764.8,ETH-USDT-SWAP,OKX,60
2022-09-07 18:00:00,1568.77,1579.98,1563.03,1571.59,2102803.0,210280.3,ETH-USDT-SWAP,OKX,60
2022-09-07 19:00:00,1571.43,1581.33,1568.0,1569.6,1207038.0,120703.8,ETH-USDT-SWAP,OKX,60
2022-09-07 20:00:00,1569.61,1655.16,1568.44,1640.04,7614803.0,761480.3,ETH-USDT-SWAP,OKX,60
2022-09-07 21:00:00,1640.08,1653.0,1626.62,1645.82,1662734.0,166273.4,ETH-USDT-SWAP,OKX,60
2022-09-07 22:00:00,1645.82,1659.62,1634.5,1635.32,1868708.0,186870.8,ETH-USDT-SWAP,OKX,60
2022-09-07 23:00:00,1635.31,1641.51,1620.77,1630.07,1284608.0,128460.8,ETH-USDT-SWAP,OKX,60
2022-09-08 00:00:00,1629.96,1637.34,1613.3,1627.66,1872955.0,187295.5,ETH-USDT-SWAP,OKX,60
2022-09-08 01:00:00,1627.67,1628.57,1615.0,1616.99,1190739.0,119073.9,ETH-USDT-SWAP,OKX,60
2022-09-08 02:00:00,1616.99,1632.6,1616.79,1627.75,1025765.0,102576.5,ETH-USDT-SWAP,OKX,60
2022-09-08 03:00:00,1628.0,1631.8,1621.08,1629.23,693585.0,69358.5,ETH-USDT-SWAP,OKX,60
2022-09-08 04:00:00,1629.23,1647.81,1628.92,1641.87,1943022.0,194302.2,ETH-USDT-SWAP,OKX,60
2022-09-08 05:00:00,1641.87,1643.51,1631.85,1634.9,986701.0,98670.1,ETH-USDT-SWAP,OKX,60
2022-09-08 06:00:00,1634.89,1638.56,1622.25,1625.98,1126295.0,112629.5,ETH-USDT-SWAP,OKX,60
2022-09-08 07:00:00,1625.98,1631.39,1595.0,1613.3,3954584.0,395458.4,ETH-USDT-SWAP,OKX,60
2022-09-08 08:00:00,1613.31,1626.58,1606.32,1623.44,1604879.0,160487.9,ETH-USDT-SWAP,OKX,60
2022-09-08 09:00:00,1623.45,1624.42,1610.4,1618.14,1057117.0,105711.7,ETH-USDT-SWAP,OKX,60
2022-09-08 10:00:00,1618.14,1640.01,1614.3,1636.96,2561207.0,256120.7,ETH-USDT-SWAP,OKX,60
2022-09-08 11:00:00,1636.97,1644.64,1631.6,1635.7,1368311.0,136831.1,ETH-USDT-SWAP,OKX,60
2022-09-08 12:00:00,1635.69,1647.19,1609.14,1618.09,4284294.0,428429.4,ETH-USDT-SWAP,OKX,60
2022-09-08 13:00:00,1618.05,1647.0,1598.1,1635.08,6344512.0,634451.2,ETH-USDT-SWAP,OKX,60
2022-09-08 14:00:00,1635.08,1644.72,1616.39,1643.21,3894941.0,389494.1,ETH-USDT-SWAP,OKX,60
2022-09-08 15:00:00,1643.21,1654.94,1626.35,1629.59,2948373.0,294837.3,ETH-USDT-SWAP,OKX,60
2022-09-08 16:00:00,1629.59,1634.69,1608.15,1629.88,3434650.0,343465.0,ETH-USDT-SWAP,OKX,60
2022-09-08 17:00:00,1629.89,1639.6,1620.19,1630.07,2010950.0,201095.0,ETH-USDT-SWAP,OKX,60
2022-09-08 18:00:00,1630.07,1636.25,1624.6,1630.05,908510.0,90851.0,ETH-USDT-SWAP,OKX,60
2022-09-08 19:00:00,1629.93,1650.52,1624.13,1649.69,1100386.0,110038.6,ETH-USDT-SWAP,OKX,60
2022-09-08 20:00:00,1649.7,1666.66,1639.79,1644.75,2029507.0,202950.7,ETH-USDT-SWAP,OKX,60
2022-09-08 21:00:00,1644.74,1644.85,1630.21,1639.13,411516.0,41151.6,ETH-USDT-SWAP,OKX,60
2022-09-08 22:00:00,1639.12,1639.46,1626.83,1631.9,751086.0,75108.6,ETH-USDT-SWAP,OKX,60
2022-09-08 23:00:00,1631.8,1638.2,1625.7,1634.92,837418.0,83741.8,ETH-USDT-SWAP,OKX,60
2022-09-09 00:00:00,1634.92,1644.91,1629.8,1638.98,1124626.0,112462.6,ETH-USDT-SWAP,OKX,60
2022-09-09 01:00:00,1639.0,1646.92,1632.0,1632.0,892502.0,89250.2,ETH-USDT-SWAP,OKX,60
2022-09-09 02:00:00,1632.0,1646.0,1631.5,1639.82,789925.0,78992.5,ETH-USDT-SWAP,OKX,60
2022-09-09 03:00:00,1639.86,1677.69,1637.6,1672.36,3674798.0,367479.8,ETH-USDT-SWAP,OKX,60
2022-09-09 04:00:00,1672.36,1705.27,1669.23,1695.91,5636480.0,563648.0,ETH-USDT-SWAP,OKX,60
2022-09-09 05:00:00,1695.9,1717.17,1693.19,1707.28,3223438.0,322343.8,ETH-USDT-SWAP,OKX,60
2022-09-09 06:00:00,1707.3,1716.0,1701.51,1711.77,1749760.0,174976.0,ETH-USDT-SWAP,OKX,60
2022-09-09 07:00:00,1711.76,1713.0,1699.0,1704.95,1276405.0,127640.5,ETH-USDT-SWAP,OKX,60
2022-09-09 08:00:00,1704.94,1716.0,1701.55,1706.38,1312994.0,131299.4,ETH-USDT-SWAP,OKX,60
2022-09-09 09:00:00,1706.39,1707.0,1685.11,1695.13,2536944.0,253694.4,ETH-USDT-SWAP,OKX,60
2022-09-09 10:00:00,1695.06,1711.44,1688.0,1706.28,2435257.0,243525.7,ETH-USDT-SWAP,OKX,60
2022-09-09 11:00:00,1706.26,1707.15,1695.22,1700.17,1203154.0,120315.4,ETH-USDT-SWAP,OKX,60
2022-09-09 12:00:00,1700.08,1750.0,1698.34,1727.82,4182780.0,418278.0,ETH-USDT-SWAP,OKX,60
2022-09-09 13:00:00,1727.92,1730.94,1708.0,1721.24,2826604.0,282660.4,ETH-USDT-SWAP,OKX,60
2022-09-09 14:00:00,1721.24,1733.0,1716.26,1725.51,1592545.0,159254.5,ETH-USDT-SWAP,OKX,60
2022-09-09 15:00:00,1725.52,1734.76,1717.36,1719.13,1856858.0,185685.8,ETH-USDT-SWAP,OKX,60
2022-09-09 16:00:00,1719.12,1722.56,1697.31,1715.44,2292546.0,229254.6,ETH-USDT-SWAP,OKX,60
2022-09-09 17:00:00,1715.44,1721.96,1695.62,1703.66,1333236.0,133323.6,ETH-USDT-SWAP,OKX,60
2022-09-09 18:00:00,1703.66,1710.68,1696.09,1709.64,1067056.0,106705.6,ETH-USDT-SWAP,OKX,60
2022-09-09 19:00:00,1709.66,1728.19,1707.1,1720.16,1135330.0,113533.0,ETH-USDT-SWAP,OKX,60
2022-09-09 20:00:00,1720.15,1729.63,1714.34,1720.73,820573.0,82057.3,ETH-USDT-SWAP,OKX,60
2022-09-09 21:00:00,1720.73,1725.44,1707.06,1713.83,594739.0,59473.9,ETH-USDT-SWAP,OKX,60
2022-09-09 22:00:00,1713.84,1723.34,1711.0,1719.15,691250.0,69125.0,ETH-USDT-SWAP,OKX,60
2022-09-09 23:00:00,1719.14,1735.0,1706.45,1717.85,1490990.0,149099.0,ETH-USDT-SWAP,OKX,60
2022-09-10 00:00:00,1718.26,1721.73,1706.0,1716.53,915118.0,91511.8,ETH-USDT-SWAP,OKX,60
2022-09-10 01:00:00,1716.52,1731.18,1716.17,1724.49,977570.0,97757.0,ETH-USDT-SWAP,OKX,60
2022-09-10 02:00:00,1724.49,1744.0,1718.73,1739.81,1151227.0,115122.7,ETH-USDT-SWAP,OKX,60
2022-09-10 03:00:00,1739.87,1742.0,1732.12,1733.16,944706.0,94470.6,ETH-USDT-SWAP,OKX,60
2022-09-10 04:00:00,1733.16,1745.3,1728.5,1732.59,1158781.0,115878.1,ETH-USDT-SWAP,OKX,60
2022-09-10 05:00:00,1732.6,1738.83,1729.23,1731.08,963152.0,96315.2,ETH-USDT-SWAP,OKX,60
2022-09-10 06:00:00,1731.27,1735.0,1729.0,1733.91,544237.0,54423.7,ETH-USDT-SWAP,OKX,60
2022-09-10 07:00:00,1733.9,1737.13,1708.0,1711.0,1701770.0,170177.0,ETH-USDT-SWAP,OKX,60
2022-09-10 08:00:00,1711.01,1719.79,1709.66,1716.12,1008060.0,100806.0,ETH-USDT-SWAP,OKX,60
2022-09-10 09:00:00,1716.21,1723.96,1715.3,1722.27,585584.0,58558.4,ETH-USDT-SWAP,OKX,60
2022-09-10 10:00:00,1722.21,1729.56,1714.7,1725.68,737003.0,73700.3,ETH-USDT-SWAP,OKX,60
2022-09-10 11:00:00,1725.68,1728.68,1722.17,1723.33,475703.0,47570.3,ETH-USDT-SWAP,OKX,60
2022-09-10 12:00:00,1723.33,1734.44,1716.41,1726.23,1157910.0,115791.0,ETH-USDT-SWAP,OKX,60
2022-09-10 13:00:00,1726.23,1728.17,1712.0,1716.19,899195.0,89919.5,ETH-USDT-SWAP,OKX,60
2022-09-10 14:00:00,1716.2,1720.66,1713.12,1717.53,652958.0,65295.8,ETH-USDT-SWAP,OKX,60
2022-09-10 15:00:00,1717.72,1722.58,1712.51,1715.63,670931.0,67093.1,ETH-USDT-SWAP,OKX,60
2022-09-10 16:00:00,1715.61,1726.0,1709.0,1722.88,1080873.0,108087.3,ETH-USDT-SWAP,OKX,60
2022-09-10 17:00:00,1722.87,1724.78,1716.36,1722.1,458334.0,45833.4,ETH-USDT-SWAP,OKX,60
2022-09-10 18:00:00,1722.1,1741.57,1721.61,1734.18,1254711.0,125471.1,ETH-USDT-SWAP,OKX,60
2022-09-10 19:00:00,1734.18,1744.17,1731.89,1740.24,787965.0,78796.5,ETH-USDT-SWAP,OKX,60
2022-09-10 20:00:00,1740.25,1743.9,1728.58,1734.0,645862.0,64586.2,ETH-USDT-SWAP,OKX,60
2022-09-10 21:00:00,1733.88,1789.0,1733.37,1750.37,2029222.0,202922.2,ETH-USDT-SWAP,OKX,60
2022-09-10 22:00:00,1750.77,1789.67,1749.72,1783.35,2745391.0,274539.1,ETH-USDT-SWAP,OKX,60
2022-09-10 23:00:00,1783.47,1789.39,1773.0,1773.74,1274706.0,127470.6,ETH-USDT-SWAP,OKX,60
2022-09-11 00:00:00,1773.74,1778.88,1768.68,1771.59,952544.0,95254.4,ETH-USDT-SWAP,OKX,60
2022-09-11 01:00:00,1771.58,1777.63,1758.1,1763.06,1273402.0,127340.2,ETH-USDT-SWAP,OKX,60
2022-09-11 02:00:00,1763.05,1765.54,1755.84,1764.38,983358.0,98335.8,ETH-USDT-SWAP,OKX,60
2022-09-11 03:00:00,1764.38,1769.08,1759.8,1760.72,763320.0,76332.0,ETH-USDT-SWAP,OKX,60
2022-09-11 04:00:00,1760.72,1765.0,1757.21,1759.3,466016.0,46601.6,ETH-USDT-SWAP,OKX,60
2022-09-11 05:00:00,1759.29,1767.0,1757.2,1764.33,487961.0,48796.1,ETH-USDT-SWAP,OKX,60
2022-09-11 06:00:00,1764.33,1768.32,1743.18,1751.9,1671042.0,167104.2,ETH-USDT-SWAP,OKX,60
2022-09-11 07:00:00,1751.9,1761.88,1750.27,1760.69,689395.0,68939.5,ETH-USDT-SWAP,OKX,60
2022-09-11 08:00:00,1760.88,1767.91,1756.52,1764.0,710731.0,71073.1,ETH-USDT-SWAP,OKX,60
2022-09-11 09:00:00,1764.12,1764.99,1757.61,1759.19,491064.0,49106.4,ETH-USDT-SWAP,OKX,60
2022-09-11 10:00:00,1759.18,1764.31,1757.21,1761.6,390837.0,39083.7,ETH-USDT-SWAP,OKX,60
2022-09-11 11:00:00,1761.6,1783.22,1761.31,1769.8,1620120.0,162012.0,ETH-USDT-SWAP,OKX,60
2022-09-11 12:00:00,1769.81,1776.36,1763.67,1772.44,1057972.0,105797.2,ETH-USDT-SWAP,OKX,60
2022-09-11 13:00:00,1772.43,1772.89,1761.0,1766.67,704479.0,70447.9,ETH-USDT-SWAP,OKX,60
2022-09-11 14:00:00,1766.67,1768.24,1752.58,1761.19,1029214.0,102921.4,ETH-USDT-SWAP,OKX,60
2022-09-11 15:00:00,1761.2,1779.21,1760.54,1768.43,1265610.0,126561.0,ETH-USDT-SWAP,OKX,60
2022-09-11 16:00:00,1768.42,1776.81,1765.59,1770.83,803503.0,80350.3,ETH-USDT-SWAP,OKX,60
2022-09-11 17:00:00,1770.82,1790.0,1766.51,1771.23,1819926.0,181992.6,ETH-USDT-SWAP,OKX,60
2022-09-11 18:00:00,1771.22,1776.88,1755.64,1760.06,883908.0,88390.8,ETH-USDT-SWAP,OKX,60
2022-09-11 19:00:00,1760.06,1764.94,1757.71,1763.05,546816.0,54681.6,ETH-USDT-SWAP,OKX,60
2022-09-11 20:00:00,1763.0,1767.98,1745.86,1758.63,1317581.0,131758.1,ETH-USDT-SWAP,OKX,60
2022-09-11 21:00:00,1758.63,1765.47,1717.0,1731.42,1456379.0,145637.9,ETH-USDT-SWAP,OKX,60
2022-09-11 22:00:00,1731.81,1753.7,1731.81,1745.28,1336355.0,133635.5,ETH-USDT-SWAP,OKX,60
2022-09-11 23:00:00,1745.28,1767.35,1736.8,1765.63,1464177.0,146417.7,ETH-USDT-SWAP,OKX,60
2022-09-12 00:00:00,1765.46,1767.55,1734.01,1735.18,1529788.0,152978.8,ETH-USDT-SWAP,OKX,60
2022-09-12 01:00:00,1735.25,1784.17,1728.97,1761.23,4393789.0,439378.9,ETH-USDT-SWAP,OKX,60
2022-09-12 02:00:00,1761.23,1765.73,1728.21,1736.3,3343414.0,334341.4,ETH-USDT-SWAP,OKX,60
2022-09-12 03:00:00,1736.29,1739.76,1711.78,1726.51,2741602.0,274160.2,ETH-USDT-SWAP,OKX,60
2022-09-12 04:00:00,1726.5,1732.22,1720.26,1726.72,839028.0,83902.8,ETH-USDT-SWAP,OKX,60
2022-09-12 05:00:00,1726.71,1731.38,1715.3,1728.55,912682.0,91268.2,ETH-USDT-SWAP,OKX,60
2022-09-12 06:00:00,1728.56,1737.55,1723.81,1736.4,852760.0,85276.0,ETH-USDT-SWAP,OKX,60
2022-09-12 07:00:00,1736.4,1761.14,1734.73,1758.0,2711672.0,271167.2,ETH-USDT-SWAP,OKX,60
2022-09-12 08:00:00,1758.0,1765.55,1749.39,1753.27,2063333.0,206333.3,ETH-USDT-SWAP,OKX,60
2022-09-12 09:00:00,1753.07,1758.0,1743.4,1750.12,1194410.0,119441.0,ETH-USDT-SWAP,OKX,60
2022-09-12 10:00:00,1750.11,1750.24,1729.03,1744.02,2103587.0,210358.7,ETH-USDT-SWAP,OKX,60
2022-09-12 11:00:00,1744.02,1760.99,1739.44,1748.48,1866486.0,186648.6,ETH-USDT-SWAP,OKX,60
2022-09-12 12:00:00,1748.47,1750.0,1732.64,1745.99,1842825.0,184282.5,ETH-USDT-SWAP,OKX,60
2022-09-12 13:00:00,1745.99,1753.18,1736.88,1750.35,1637663.0,163766.3,ETH-USDT-SWAP,OKX,60
2022-09-12 14:00:00,1750.35,1754.0,1732.0,1734.91,1795204.0,179520.4,ETH-USDT-SWAP,OKX,60
2022-09-12 15:00:00,1734.91,1735.27,1695.31,1706.02,3592481.0,359248.1,ETH-USDT-SWAP,OKX,60
2022-09-12 16:00:00,1706.02,1717.71,1691.6,1712.79,3000134.0,300013.4,ETH-USDT-SWAP,OKX,60
2022-09-12 17:00:00,1712.79,1728.9,1702.56,1728.2,1581875.0,158187.5,ETH-USDT-SWAP,OKX,60
2022-09-12 18:00:00,1728.2,1732.93,1716.87,1728.45,1418110.0,141811.0,ETH-USDT-SWAP,OKX,60
2022-09-12 19:00:00,1728.46,1730.33,1719.06,1725.35,682816.0,68281.6,ETH-USDT-SWAP,OKX,60
2022-09-12 20:00:00,1725.36,1730.65,1719.48,1723.37,677471.0,67747.1,ETH-USDT-SWAP,OKX,60
2022-09-12 21:00:00,1723.37,1723.39,1702.47,1715.79,757817.0,75781.7,ETH-USDT-SWAP,OKX,60
2022-09-12 22:00:00,1715.8,1716.88,1701.21,1705.92,940260.0,94026.0,ETH-USDT-SWAP,OKX,60
2022-09-12 23:00:00,1705.92,1717.69,1703.0,1716.37,869988.0,86998.8,ETH-USDT-SWAP,OKX,60
2022-09-13 00:00:00,1716.37,1718.55,1673.59,1686.71,3613808.0,361380.8,ETH-USDT-SWAP,OKX,60
2022-09-13 01:00:00,1686.8,1699.98,1683.73,1695.33,1203842.0,120384.2,ETH-USDT-SWAP,OKX,60
2022-09-13 02:00:00,1695.33,1708.37,1678.8,1707.33,1968439.0,196843.9,ETH-USDT-SWAP,OKX,60
2022-09-13 03:00:00,1707.33,1715.19,1700.69,1714.7,1144045.0,114404.5,ETH-USDT-SWAP,OKX,60
2022-09-13 04:00:00,1714.7,1724.0,1707.33,1713.03,1358956.0,135895.6,ETH-USDT-SWAP,OKX,60
2022-09-13 05:00:00,1713.03,1719.99,1710.58,1717.91,816601.0,81660.1,ETH-USDT-SWAP,OKX,60
2022-09-13 06:00:00,1717.91,1731.0,1700.2,1705.45,2386986.0,238698.6,ETH-USDT-SWAP,OKX,60
2022-09-13 07:00:00,1705.52,1721.75,1698.0,1715.41,1795093.0,179509.3,ETH-USDT-SWAP,OKX,60
2022-09-13 08:00:00,1715.21,1717.54,1707.35,1714.27,773763.0,77376.3,ETH-USDT-SWAP,OKX,60
2022-09-13 09:00:00,1714.28,1725.55,1713.54,1721.21,1421475.0,142147.5,ETH-USDT-SWAP,OKX,60
2022-09-13 10:00:00,1721.21,1741.0,1718.41,1731.49,1861495.0,186149.5,ETH-USDT-SWAP,OKX,60
2022-09-13 11:00:00,1731.5,1746.54,1731.5,1737.38,1832519.0,183251.9,ETH-USDT-SWAP,OKX,60
2022-09-13 12:00:00,1737.38,1762.62,1616.0,1628.95,13101704.0,1310170.4,ETH-USDT-SWAP,OKX,60
2022-09-13 13:00:00,1628.81,1639.27,1595.98,1603.71,6788030.0,678803.0,ETH-USDT-SWAP,OKX,60
2022-09-13 14:00:00,1603.7,1613.22,1575.0,1589.54,5460654.0,546065.4,ETH-USDT-SWAP,OKX,60
2022-09-13 15:00:00,1589.73,1597.0,1585.11,1593.85,2320535.0,232053.5,ETH-USDT-SWAP,OKX,60
2022-09-13 16:00:00,1593.86,1614.99,1587.5,1609.34,2609341.0,260934.1,ETH-USDT-SWAP,OKX,60
2022-09-13 17:00:00,1609.34,1627.89,1606.58,1615.87,2296364.0,229636.4,ETH-USDT-SWAP,OKX,60
2022-09-13 18:00:00,1615.86,1619.5,1575.5,1577.49,2381645.0,238164.5,ETH-USDT-SWAP,OKX,60
2022-09-13 19:00:00,1577.47,1605.64,1567.19,1602.99,3258463.0,325846.3,ETH-USDT-SWAP,OKX,60
2022-09-13 20:00:00,1603.12,1622.34,1601.89,1606.21,1391157.0,139115.7,ETH-USDT-SWAP,OKX,60
2022-09-13 21:00:00,1606.21,1607.35,1567.17,1593.91,2113888.0,211388.8,ETH-USDT-SWAP,OKX,60
2022-09-13 22:00:00,1593.9,1596.75,1580.43,1585.02,1212504.0,121250.4,ETH-USDT-SWAP,OKX,60
2022-09-13 23:00:00,1585.01,1586.0,1556.19,1572.01,2158282.0,215828.2,ETH-USDT-SWAP,OKX,60
2022-09-14 00:00:00,1571.96,1577.86,1550.0,1571.24,2656774.0,265677.4,ETH-USDT-SWAP,OKX,60
2022-09-14 01:00:00,1571.14,1580.99,1568.79,1579.46,1079393.0,107939.3,ETH-USDT-SWAP,OKX,60
2022-09-14 02:00:00,1579.46,1598.0,1577.42,1596.87,1691011.0,169101.1,ETH-USDT-SWAP,OKX,60
2022-09-14 03:00:00,1597.29,1607.23,1590.14,1598.71,1557356.0,155735.6,ETH-USDT-SWAP,OKX,60
2022-09-14 04:00:00,1598.71,1619.0,1592.78,1617.49,1766690.0,176669.0,ETH-USDT-SWAP,OKX,60
2022-09-14 05:00:00,1617.5,1619.88,1608.88,1610.87,944560.0,94456.0,ETH-USDT-SWAP,OKX,60
2022-09-14 06:00:00,1610.87,1615.59,1601.0,1605.95,1266598.0,126659.8,ETH-USDT-SWAP,OKX,60
2022-09-14 07:00:00,1605.95,1615.99,1596.65,1610.56,1621866.0,162186.6,ETH-USDT-SWAP,OKX,60
2022-09-14 08:00:00,1610.43,1610.49,1581.8,1600.19,2540149.0,254014.9,ETH-USDT-SWAP,OKX,60
2022-09-14 09:00:00,1600.19,1607.7,1593.47,1601.59,1005239.0,100523.9,ETH-USDT-SWAP,OKX,60
2022-09-14 10:00:00,1601.59,1603.32,1590.3,1599.12,800746.0,80074.6,ETH-USDT-SWAP,OKX,60
2022-09-14 11:00:00,1599.12,1603.98,1580.0,1592.63,1528359.0,152835.9,ETH-USDT-SWAP,OKX,60
2022-09-14 12:00:00,1592.63,1611.26,1582.48,1602.24,2938325.0,293832.5,ETH-USDT-SWAP,OKX,60
2022-09-14 13:00:00,1602.23,1609.82,1588.0,1602.7,2732453.0,273245.3,ETH-USDT-SWAP,OKX,60
2022-09-14 14:00:00,1602.7,1606.0,1585.81,1600.29,2114045.0,211404.5,ETH-USDT-SWAP,OKX,60
2022-09-14 15:00:00,1600.29,1602.52,1590.02,1594.45,1226634.0,122663.4,ETH-USDT-SWAP,OKX,60
2022-09-14 16:00:00,1594.46,1597.75,1574.92,1580.58,1909335.0,190933.5,ETH-USDT-SWAP,OKX,60
2022-09-14 17:00:00,1580.58,1598.58,1578.55,1584.09,1565603.0,156560.3,ETH-USDT-SWAP,OKX,60
2022-09-14 18:00:00,1584.09,1589.79,1550.76,1574.26,3441612.0,344161.2,ETH-USDT-SWAP,OKX,60
2022-09-14 19:00:00,1574.26,1595.58,1569.23,1594.53,1397551.0,139755.1,ETH-USDT-SWAP,OKX,60
2022-09-14 20:00:00,1594.48,1598.64,1585.8,1596.51,746315.0,74631.5,ETH-USDT-SWAP,OKX,60
2022-09-14 21:00:00,1596.52,1615.57,1587.99,1613.57,827898.0,82789.8,ETH-USDT-SWAP,OKX,60
2022-09-14 22:00:00,1613.56,1642.0,1608.12,1633.31,2527292.0,252729.2,ETH-USDT-SWAP,OKX,60
2022-09-14 23:00:00,1633.19,1640.8,1621.96,1634.66,2177271.0,217727.1,ETH-USDT-SWAP,OKX,60
2022-09-15 00:00:00,1634.74,1643.69,1616.83,1619.08,2820738.0,282073.8,ETH-USDT-SWAP,OKX,60
2022-09-15 01:00:00,1619.15,1621.3,1589.05,1619.54,2806479.0,280647.9,ETH-USDT-SWAP,OKX,60
2022-09-15 02:00:00,1619.54,1619.54,1592.29,1606.23,1922377.0,192237.7,ETH-USDT-SWAP,OKX,60
2022-09-15 03:00:00,1606.22,1607.72,1572.6,1596.02,3364347.0,336434.7,ETH-USDT-SWAP,OKX,60
2022-09-15 04:00:00,1596.02,1599.97,1581.04,1591.91,1829208.0,182920.8,ETH-USDT-SWAP,OKX,60
2022-09-15 05:00:00,1591.91,1612.44,1587.0,1610.74,1668860.0,166886.0,ETH-USDT-SWAP,OKX,60
2022-09-15 06:00:00,1610.74,1643.0,1570.0,1606.24,8860124.0,886012.4,ETH-USDT-SWAP,OKX,60
2022-09-15 07:00:00,1605.89,1660.0,1600.26,1644.49,6078506.0,607850.6,ETH-USDT-SWAP,OKX,60
2022-09-15 08:00:00,1644.69,1644.69,1600.18,1610.66,3898313.0,389831.3,ETH-USDT-SWAP,OKX,60
2022-09-15 09:00:00,1610.66,1611.81,1586.16,1592.72,2397882.0,239788.2,ETH-USDT-SWAP,OKX,60
2022-09-15 10:00:00,1592.73,1598.03,1578.0,1587.03,1855530.0,185553.0,ETH-USDT-SWAP,OKX,60
2022-09-15 11:00:00,1587.03,1596.98,1577.0,1593.54,1608981.0,160898.1,ETH-USDT-SWAP,OKX,60
2022-09-15 12:00:00,1593.54,1603.0,1584.85,1590.59,2127530.0,212753.0,ETH-USDT-SWAP,OKX,60
2022-09-15 13:00:00,1590.59,1594.18,1571.0,1589.11,2220597.0,222059.7,ETH-USDT-SWAP,OKX,60
2022-09-15 14:00:00,1589.16,1593.69,1483.81,1493.6,7403228.0,740322.8,ETH-USDT-SWAP,OKX,60
2022-09-15 15:00:00,1493.8,1501.61,1455.0,1493.98,6600745.0,660074.5,ETH-USDT-SWAP,OKX,60
2022-09-15 16:00:00,1493.86,1508.0,1482.06,1507.31,2839579.0,283957.9,ETH-USDT-SWAP,OKX,60
2022-09-15 17:00:00,1507.3,1516.0,1502.67,1506.32,1919533.0,191953.3,ETH-USDT-SWAP,OKX,60
2022-09-15 18:00:00,1506.32,1511.98,1490.46,1496.75,1596809.0,159680.9,ETH-USDT-SWAP,OKX,60
2022-09-15 19:00:00,1496.75,1506.0,1488.0,1496.06,1177260.0,117726.0,ETH-USDT-SWAP,OKX,60
2022-09-15 20:00:00,1495.93,1508.0,1492.0,1502.84,836664.0,83666.4,ETH-USDT-SWAP,OKX,60
2022-09-15 21:00:00,1502.84,1503.01,1481.43,1488.9,711049.0,71104.9,ETH-USDT-SWAP,OKX,60
2022-09-15 22:00:00,1488.9,1488.9,1457.0,1473.46,2498636.0,249863.6,ETH-USDT-SWAP,OKX,60
2022-09-15 23:00:00,1473.46,1477.99,1460.57,1471.0,1469170.0,146917.0,ETH-USDT-SWAP,OKX,60
2022-09-16 00:00:00,1471.23,1483.46,1445.66,1483.05,3518537.0,351853.7,ETH-USDT-SWAP,OKX,60
2022-09-16 01:00:00,1483.05,1483.5,1466.6,1472.17,1212557.0,121255.7,ETH-USDT-SWAP,OKX,60
2022-09-16 02:00:00,1472.1,1475.37,1454.01,1467.39,1727154.0,172715.4,ETH-USDT-SWAP,OKX,60
2022-09-16 03:00:00,1467.39,1474.86,1460.81,1474.23,1109876.0,110987.6,ETH-USDT-SWAP,OKX,60
2022-09-16 04:00:00,1474.22,1480.99,1469.61,1470.4,1053354.0,105335.4,ETH-USDT-SWAP,OKX,60
2022-09-16 05:00:00,1470.4,1479.67,1469.86,1472.34,605862.0,60586.2,ETH-USDT-SWAP,OKX,60
2022-09-16 06:00:00,1472.37,1477.38,1467.5,1472.57,786244.0,78624.4,ETH-USDT-SWAP,OKX,60
2022-09-16 07:00:00,1472.89,1478.0,1470.03,1472.18,839042.0,83904.2,ETH-USDT-SWAP,OKX,60
2022-09-16 08:00:00,1472.19,1472.6,1440.49,1451.32,3238973.0,323897.3,ETH-USDT-SWAP,OKX,60
2022-09-16 09:00:00,1451.43,1466.0,1450.26,1462.37,1407148.0,140714.8,ETH-USDT-SWAP,OKX,60
2022-09-16 10:00:00,1462.37,1473.99,1458.0,1469.43,1243820.0,124382.0,ETH-USDT-SWAP,OKX,60
2022-09-16 11:00:00,1469.42,1481.8,1465.17,1477.93,1243110.0,124311.0,ETH-USDT-SWAP,OKX,60
2022-09-16 12:00:00,1477.92,1478.33,1451.55,1455.04,1799740.0,179974.0,ETH-USDT-SWAP,OKX,60
2022-09-16 13:00:00,1455.03,1464.0,1422.91,1430.41,5112077.0,511207.7,ETH-USDT-SWAP,OKX,60
2022-09-16 14:00:00,1430.42,1458.98,1424.39,1446.54,4391048.0,439104.8,ETH-USDT-SWAP,OKX,60
2022-09-16 15:00:00,1446.63,1456.49,1439.04,1451.79,1938211.0,193821.1,ETH-USDT-SWAP,OKX,60
2022-09-16 16:00:00,1451.65,1451.65,1411.0,1428.24,4008951.0,400895.1,ETH-USDT-SWAP,OKX,60
2022-09-16 17:00:00,1428.24,1432.99,1405.0,1421.63,3413868.0,341386.8,ETH-USDT-SWAP,OKX,60
2022-09-16 18:00:00,1421.39,1434.09,1410.16,1428.27,2140759.0,214075.9,ETH-USDT-SWAP,OKX,60
2022-09-16 19:00:00,1428.15,1438.83,1427.34,1427.71,1297813.0,129781.3,ETH-USDT-SWAP,OKX,60
2022-09-16 20:00:00,1427.82,1438.0,1427.31,1437.98,634868.0,63486.8,ETH-USDT-SWAP,OKX,60
2022-09-16 21:00:00,1437.97,1449.98,1434.21,1440.16,700148.0,70014.8,ETH-USDT-SWAP,OKX,60
2022-09-16 22:00:00,1440.14,1442.73,1431.0,1432.43,669666.0,66966.6,ETH-USDT-SWAP,OKX,60
2022-09-16 23:00:00,1432.44,1434.76,1423.23,1434.21,747836.0,74783.6,ETH-USDT-SWAP,OKX,60
2022-09-17 00:00:00,1434.2,1456.49,1430.78,1442.53,1668207.0,166820.7,ETH-USDT-SWAP,OKX,60
2022-09-17 01:00:00,1442.54,1448.28,1438.19,1445.6,766154.0,76615.4,ETH-USDT-SWAP,OKX,60
2022-09-17 02:00:00,1445.59,1446.17,1436.57,1439.69,546301.0,54630.1,ETH-USDT-SWAP,OKX,60
2022-09-17 03:00:00,1439.7,1442.49,1436.36,1440.59,421628.0,42162.8,ETH-USDT-SWAP,OKX,60
2022-09-17 04:00:00,1440.59,1447.36,1439.23,1440.68,660810.0,66081.0,ETH-USDT-SWAP,OKX,60
2022-09-17 05:00:00,1440.69,1440.83,1427.46,1432.09,1190696.0,119069.6,ETH-USDT-SWAP,OKX,60
2022-09-17 06:00:00,1432.26,1434.0,1425.04,1431.62,874795.0,87479.5,ETH-USDT-SWAP,OKX,60
2022-09-17 07:00:00,1431.64,1433.27,1426.34,1432.63,639383.0,63938.3,ETH-USDT-SWAP,OKX,60
2022-09-17 08:00:00,1432.64,1435.28,1430.2,1434.0,469945.0,46994.5,ETH-USDT-SWAP,OKX,60
2022-09-17 09:00:00,1434.01,1435.2,1430.01,1431.83,512469.0,51246.9,ETH-USDT-SWAP,OKX,60
2022-09-17 10:00:00,1431.83,1433.16,1416.0,1426.83,1310808.0,131080.8,ETH-USDT-SWAP,OKX,60
2022-09-17 11:00:00,1426.82,1428.1,1419.19,1419.88,775315.0,77531.5,ETH-USDT-SWAP,OKX,60
2022-09-17 12:00:00,1419.89,1428.29,1408.58,1424.82,1990876.0,199087.6,ETH-USDT-SWAP,OKX,60
2022-09-17 13:00:00,1424.82,1427.45,1419.17,1422.77,604390.0,60439.0,ETH-USDT-SWAP,OKX,60
2022-09-17 14:00:00,1422.77,1444.99,1422.11,1444.99,1737436.0,173743.6,ETH-USDT-SWAP,OKX,60
2022-09-17 15:00:00,1444.98,1450.29,1436.31,1443.83,1427545.0,142754.5,ETH-USDT-SWAP,OKX,60
2022-09-17 16:00:00,1443.83,1469.72,1441.48,1465.89,3015913.0,301591.3,ETH-USDT-SWAP,OKX,60
2022-09-17 17:00:00,1465.9,1475.6,1462.09,1470.28,1562998.0,156299.8,ETH-USDT-SWAP,OKX,60
2022-09-17 18:00:00,1470.29,1475.78,1464.83,1467.43,748108.0,74810.8,ETH-USDT-SWAP,OKX,60
2022-09-17 19:00:00,1467.44,1468.49,1457.47,1463.99,620281.0,62028.1,ETH-USDT-SWAP,OKX,60
2022-09-17 20:00:00,1463.99,1465.73,1460.82,1462.04,308016.0,30801.6,ETH-USDT-SWAP,OKX,60
2022-09-17 21:00:00,1462.04,1462.74,1445.2,1452.42,752665.0,75266.5,ETH-USDT-SWAP,OKX,60
2022-09-17 22:00:00,1452.42,1467.35,1450.21,1465.12,756495.0,75649.5,ETH-USDT-SWAP,OKX,60
2022-09-17 23:00:00,1465.12,1473.13,1461.38,1468.55,687074.0,68707.4,ETH-USDT-SWAP,OKX,60
2022-09-18 00:00:00,1468.56,1469.69,1448.81,1451.64,1453124.0,145312.4,ETH-USDT-SWAP,OKX,60
2022-09-18 01:00:00,1451.64,1457.45,1450.01,1452.43,676236.0,67623.6,ETH-USDT-SWAP,OKX,60
2022-09-18 02:00:00,1452.44,1456.98,1451.23,1455.64,335405.0,33540.5,ETH-USDT-SWAP,OKX,60
2022-09-18 03:00:00,1455.63,1456.24,1447.0,1452.24,620887.0,62088.7,ETH-USDT-SWAP,OKX,60
2022-09-18 04:00:00,1452.25,1456.66,1448.91,1453.71,609164.0,60916.4,ETH-USDT-SWAP,OKX,60
2022-09-18 05:00:00,1453.71,1461.19,1452.39,1458.21,559972.0,55997.2,ETH-USDT-SWAP,OKX,60
2022-09-18 06:00:00,1458.2,1459.77,1451.0,1454.62,621292.0,62129.2,ETH-USDT-SWAP,OKX,60
2022-09-18 07:00:00,1454.63,1457.97,1452.49,1453.68,505495.0,50549.5,ETH-USDT-SWAP,OKX,60
2022-09-18 08:00:00,1453.68,1459.43,1452.19,1455.39,528639.0,52863.9,ETH-USDT-SWAP,OKX,60
2022-09-18 09:00:00,1455.4,1458.4,1422.3,1424.05,2735891.0,273589.1,ETH-USDT-SWAP,OKX,60
2022-09-18 10:00:00,1424.05,1444.46,1416.21,1431.66,2617693.0,261769.3,ETH-USDT-SWAP,OKX,60
2022-09-18 11:00:00,1431.66,1435.48,1430.47,1433.85,633669.0,63366.9,ETH-USDT-SWAP,OKX,60
2022-09-18 12:00:00,1433.84,1439.85,1425.0,1437.99,1234810.0,123481.0,ETH-USDT-SWAP,OKX,60
2022-09-18 13:00:00,1437.99,1438.9,1431.21,1434.81,776432.0,77643.2,ETH-USDT-SWAP,OKX,60
2022-09-18 14:00:00,1434.82,1435.54,1409.64,1420.29,3131810.0,313181.0,ETH-USDT-SWAP,OKX,60
2022-09-18 15:00:00,1420.28,1426.42,1411.67,1417.23,1194129.0,119412.9,ETH-USDT-SWAP,OKX,60
2022-09-18 16:00:00,1417.28,1425.0,1383.0,1396.55,5303185.0,530318.5,ETH-USDT-SWAP,OKX,60
2022-09-18 17:00:00,1396.56,1398.37,1372.01,1377.73,3192601.0,319260.1,ETH-USDT-SWAP,OKX,60
2022-09-18 18:00:00,1377.74,1387.46,1366.07,1374.31,2786657.0,278665.7,ETH-USDT-SWAP,OKX,60
2022-09-18 19:00:00,1374.31,1386.99,1368.33,1380.76,1444019.0,144401.9,ETH-USDT-SWAP,OKX,60
2022-09-18 20:00:00,1380.75,1381.54,1366.64,1371.93,1024161.0,102416.1,ETH-USDT-SWAP,OKX,60
2022-09-18 21:00:00,1371.92,1371.98,1320.7,1333.38,5303606.0,530360.6,ETH-USDT-SWAP,OKX,60
2022-09-18 22:00:00,1333.38,1342.48,1326.63,1340.55,1946576.0,194657.6,ETH-USDT-SWAP,OKX,60
2022-09-18 23:00:00,1340.56,1355.73,1329.52,1334.56,2186449.0,218644.9,ETH-USDT-SWAP,OKX,60
2022-09-19 00:00:00,1334.56,1353.92,1331.36,1343.79,1963118.0,196311.8,ETH-USDT-SWAP,OKX,60
2022-09-19 01:00:00,1343.79,1352.26,1336.63,1340.45,1322438.0,132243.8,ETH-USDT-SWAP,OKX,60
2022-09-19 02:00:00,1340.4,1342.06,1290.28,1301.51,6066251.0,606625.1,ETH-USDT-SWAP,OKX,60
2022-09-19 03:00:00,1301.53,1308.5,1286.03,1294.24,2538672.0,253867.2,ETH-USDT-SWAP,OKX,60
2022-09-19 04:00:00,1294.17,1309.23,1292.43,1305.5,1440680.0,144068.0,ETH-USDT-SWAP,OKX,60
2022-09-19 05:00:00,1305.51,1312.92,1283.64,1296.46,2421773.0,242177.3,ETH-USDT-SWAP,OKX,60
2022-09-19 06:00:00,1296.47,1304.63,1280.0,1293.27,3784918.0,378491.8,ETH-USDT-SWAP,OKX,60
2022-09-19 07:00:00,1293.27,1304.0,1284.0,1302.01,2405985.0,240598.5,ETH-USDT-SWAP,OKX,60
2022-09-19 08:00:00,1302.02,1308.42,1292.62,1293.74,1628438.0,162843.8,ETH-USDT-SWAP,OKX,60
2022-09-19 09:00:00,1293.74,1299.32,1289.34,1297.08,1359526.0,135952.6,ETH-USDT-SWAP,OKX,60
2022-09-19 10:00:00,1297.09,1320.0,1295.73,1316.62,2353258.0,235325.8,ETH-USDT-SWAP,OKX,60
2022-09-19 11:00:00,1316.62,1317.85,1301.74,1307.69,1889642.0,188964.2,ETH-USDT-SWAP,OKX,60
2022-09-19 12:00:00,1307.69,1328.2,1306.3,1318.06,2599823.0,259982.3,ETH-USDT-SWAP,OKX,60
2022-09-19 13:00:00,1318.12,1343.0,1311.03,1339.02,4015493.0,401549.3,ETH-USDT-SWAP,OKX,60
2022-09-19 14:00:00,1339.03,1372.49,1331.62,1354.75,6422754.0,642275.4,ETH-USDT-SWAP,OKX,60
2022-09-19 15:00:00,1354.76,1361.3,1338.99,1341.88,3037050.0,303705.0,ETH-USDT-SWAP,OKX,60
2022-09-19 16:00:00,1341.88,1354.0,1337.7,1351.39,2087792.0,208779.2,ETH-USDT-SWAP,OKX,60
2022-09-19 17:00:00,1351.3,1352.73,1321.88,1328.37,2247989.0,224798.9,ETH-USDT-SWAP,OKX,60
2022-09-19 18:00:00,1328.33,1345.0,1322.92,1344.38,1649100.0,164910.0,ETH-USDT-SWAP,OKX,60
2022-09-19 19:00:00,1344.38,1367.77,1344.0,1362.42,2335927.0,233592.7,ETH-USDT-SWAP,OKX,60
2022-09-19 20:00:00,1362.32,1368.07,1355.93,1357.02,1335268.0,133526.8,ETH-USDT-SWAP,OKX,60
2022-09-19 21:00:00,1357.02,1394.8,1357.02,1377.66,2404430.0,240443.0,ETH-USDT-SWAP,OKX,60
2022-09-19 22:00:00,1377.67,1392.0,1372.94,1385.54,1357217.0,135721.7,ETH-USDT-SWAP,OKX,60
2022-09-19 23:00:00,1385.54,1388.09,1372.8,1375.68,1075830.0,107583.0,ETH-USDT-SWAP,OKX,60
2022-09-20 00:00:00,1375.68,1384.52,1363.07,1369.17,1988909.0,198890.9,ETH-USDT-SWAP,OKX,60
2022-09-20 01:00:00,1369.21,1369.5,1357.37,1365.8,1106899.0,110689.9,ETH-USDT-SWAP,OKX,60
2022-09-20 02:00:00,1365.72,1369.0,1360.42,1365.9,812004.0,81200.4,ETH-USDT-SWAP,OKX,60
2022-09-20 03:00:00,1365.89,1367.44,1342.01,1354.59,2611894.0,261189.4,ETH-USDT-SWAP,OKX,60
2022-09-20 04:00:00,1354.59,1358.99,1351.63,1356.44,937776.0,93777.6,ETH-USDT-SWAP,OKX,60
2022-09-20 05:00:00,1356.51,1370.0,1355.41,1357.27,1684489.0,168448.9,ETH-USDT-SWAP,OKX,60
2022-09-20 06:00:00,1357.32,1361.55,1351.79,1359.63,913663.0,91366.3,ETH-USDT-SWAP,OKX,60
2022-09-20 07:00:00,1359.76,1379.66,1350.74,1358.39,3216464.0,321646.4,ETH-USDT-SWAP,OKX,60
2022-09-20 08:00:00,1358.39,1366.58,1353.82,1357.51,1372895.0,137289.5,ETH-USDT-SWAP,OKX,60
2022-09-20 09:00:00,1357.4,1359.41,1345.11,1352.72,1853527.0,185352.7,ETH-USDT-SWAP,OKX,60
2022-09-20 10:00:00,1352.72,1361.24,1346.36,1360.33,1440203.0,144020.3,ETH-USDT-SWAP,OKX,60
2022-09-20 11:00:00,1360.33,1364.95,1353.14,1356.19,1505279.0,150527.9,ETH-USDT-SWAP,OKX,60
2022-09-20 12:00:00,1356.2,1357.71,1346.3,1350.01,1656891.0,165689.1,ETH-USDT-SWAP,OKX,60
2022-09-20 13:00:00,1350.01,1352.87,1329.04,1344.18,4467462.0,446746.2,ETH-USDT-SWAP,OKX,60
2022-09-20 14:00:00,1344.2,1359.9,1335.35,1359.8,3188482.0,318848.2,ETH-USDT-SWAP,OKX,60
2022-09-20 15:00:00,1359.66,1382.29,1351.7,1377.05,3459671.0,345967.1,ETH-USDT-SWAP,OKX,60
2022-09-20 16:00:00,1376.99,1384.05,1357.58,1367.22,2940367.0,294036.7,ETH-USDT-SWAP,OKX,60
2022-09-20 17:00:00,1367.23,1368.89,1331.89,1335.56,3304548.0,330454.8,ETH-USDT-SWAP,OKX,60
2022-09-20 18:00:00,1335.56,1348.6,1331.76,1345.3,2129605.0,212960.5,ETH-USDT-SWAP,OKX,60
2022-09-20 19:00:00,1345.3,1357.61,1343.44,1351.96,1670273.0,167027.3,ETH-USDT-SWAP,OKX,60
2022-09-20 20:00:00,1352.02,1356.67,1341.43,1343.31,1031014.0,103101.4,ETH-USDT-SWAP,OKX,60
2022-09-20 21:00:00,1343.31,1348.73,1316.0,1316.35,1284038.0,128403.8,ETH-USDT-SWAP,OKX,60
2022-09-20 22:00:00,1316.39,1332.18,1312.23,1331.01,1677271.0,167727.1,ETH-USDT-SWAP,OKX,60
2022-09-20 23:00:00,1331.0,1331.52,1316.16,1323.03,1020624.0,102062.4,ETH-USDT-SWAP,OKX,60
2022-09-21 00:00:00,1323.0,1336.0,1317.28,1334.28,1532551.0,153255.1,ETH-USDT-SWAP,OKX,60
2022-09-21 01:00:00,1334.4,1336.95,1327.1,1329.17,779745.0,77974.5,ETH-USDT-SWAP,OKX,60
2022-09-21 02:00:00,1329.17,1345.97,1328.91,1339.87,1195050.0,119505.0,ETH-USDT-SWAP,OKX,60
2022-09-21 03:00:00,1339.87,1343.0,1335.02,1337.07,529137.0,52913.7,ETH-USDT-SWAP,OKX,60
2022-09-21 04:00:00,1337.0,1338.6,1330.69,1338.47,806318.0,80631.8,ETH-USDT-SWAP,OKX,60
2022-09-21 05:00:00,1338.47,1345.0,1330.07,1331.36,1350336.0,135033.6,ETH-USDT-SWAP,OKX,60
2022-09-21 06:00:00,1331.36,1339.15,1320.0,1326.99,2787288.0,278728.8,ETH-USDT-SWAP,OKX,60
2022-09-21 07:00:00,1327.0,1333.5,1315.5,1331.82,1636910.0,163691.0,ETH-USDT-SWAP,OKX,60
2022-09-21 08:00:00,1331.74,1332.89,1323.06,1328.89,882003.0,88200.3,ETH-USDT-SWAP,OKX,60
2022-09-21 09:00:00,1328.78,1341.16,1324.48,1338.7,1360199.0,136019.9,ETH-USDT-SWAP,OKX,60
2022-09-21 10:00:00,1338.77,1349.65,1335.17,1345.82,1819801.0,181980.1,ETH-USDT-SWAP,OKX,60
2022-09-21 11:00:00,1345.83,1353.84,1342.21,1350.51,1434941.0,143494.1,ETH-USDT-SWAP,OKX,60
2022-09-21 12:00:00,1350.52,1361.0,1346.35,1355.89,1743034.0,174303.4,ETH-USDT-SWAP,OKX,60
2022-09-21 13:00:00,1355.89,1357.24,1344.44,1348.04,1737714.0,173771.4,ETH-USDT-SWAP,OKX,60
2022-09-21 14:00:00,1348.04,1357.86,1340.4,1342.73,1921906.0,192190.6,ETH-USDT-SWAP,OKX,60
2022-09-21 15:00:00,1342.74,1349.45,1333.94,1343.11,1934411.0,193441.1,ETH-USDT-SWAP,OKX,60
2022-09-21 16:00:00,1343.11,1353.7,1340.29,1341.29,1371850.0,137185.0,ETH-USDT-SWAP,OKX,60
2022-09-21 17:00:00,1341.29,1410.0,1340.88,1404.88,4767116.0,476711.6,ETH-USDT-SWAP,OKX,60
2022-09-21 18:00:00,1405.04,1416.0,1300.0,1375.63,20476968.0,2047696.8,ETH-USDT-SWAP,OKX,60
2022-09-21 19:00:00,1375.6,1380.34,1321.49,1323.22,6239258.0,623925.8,ETH-USDT-SWAP,OKX,60
2022-09-21 20:00:00,1323.33,1327.31,1307.43,1314.71,2264031.0,226403.1,ETH-USDT-SWAP,OKX,60
2022-09-21 21:00:00,1314.71,1314.71,1240.0,1252.8,5199769.0,519976.9,ETH-USDT-SWAP,OKX,60
2022-09-21 22:00:00,1252.75,1255.57,1218.35,1243.27,3836929.0,383692.9,ETH-USDT-SWAP,OKX,60
2022-09-21 23:00:00,1243.26,1255.24,1239.03,1245.18,1795090.0,179509.0,ETH-USDT-SWAP,OKX,60
2022-09-22 00:00:00,1245.16,1251.47,1236.42,1242.18,1750221.0,175022.1,ETH-USDT-SWAP,OKX,60
2022-09-22 01:00:00,1242.18,1257.29,1240.82,1256.41,1490656.0,149065.6,ETH-USDT-SWAP,OKX,60
2022-09-22 02:00:00,1256.4,1268.0,1251.51,1264.8,1953450.0,195345.0,ETH-USDT-SWAP,OKX,60
2022-09-22 03:00:00,1264.8,1271.52,1259.77,1262.49,1261704.0,126170.4,ETH-USDT-SWAP,OKX,60
2022-09-22 04:00:00,1262.49,1270.74,1261.11,1263.43,1139009.0,113900.9,ETH-USDT-SWAP,OKX,60
2022-09-22 05:00:00,1263.42,1264.25,1254.12,1258.08,1269314.0,126931.4,ETH-USDT-SWAP,OKX,60
2022-09-22 06:00:00,1258.08,1274.57,1257.0,1266.39,2310580.0,231058.0,ETH-USDT-SWAP,OKX,60
2022-09-22 07:00:00,1266.39,1279.99,1264.12,1277.86,1653018.0,165301.8,ETH-USDT-SWAP,OKX,60
2022-09-22 08:00:00,1277.87,1298.8,1275.77,1289.19,3903092.0,390309.2,ETH-USDT-SWAP,OKX,60
2022-09-22 09:00:00,1289.01,1295.0,1284.05,1291.9,1211539.0,121153.9,ETH-USDT-SWAP,OKX,60
2022-09-22 10:00:00,1291.89,1303.44,1287.6,1295.85,1744921.0,174492.1,ETH-USDT-SWAP,OKX,60
2022-09-22 11:00:00,1295.78,1312.96,1288.55,1308.41,2757711.0,275771.1,ETH-USDT-SWAP,OKX,60
2022-09-22 12:00:00,1308.4,1313.95,1301.62,1306.93,2488075.0,248807.5,ETH-USDT-SWAP,OKX,60
2022-09-22 13:00:00,1306.86,1307.96,1270.51,1272.18,4686041.0,468604.1,ETH-USDT-SWAP,OKX,60
2022-09-22 14:00:00,1272.21,1286.8,1263.53,1266.29,3936250.0,393625.0,ETH-USDT-SWAP,OKX,60
2022-09-22 15:00:00,1266.3,1274.1,1256.49,1271.55,2806538.0,280653.8,ETH-USDT-SWAP,OKX,60
2022-09-22 16:00:00,1271.54,1285.0,1252.0,1281.52,3672548.0,367254.8,ETH-USDT-SWAP,OKX,60
2022-09-22 17:00:00,1281.59,1295.9,1274.0,1290.06,2037282.0,203728.2,ETH-USDT-SWAP,OKX,60
2022-09-22 18:00:00,1290.1,1309.99,1281.63,1302.81,2901467.0,290146.7,ETH-USDT-SWAP,OKX,60
2022-09-22 19:00:00,1302.82,1336.97,1302.82,1323.87,3260087.0,326008.7,ETH-USDT-SWAP,OKX,60
2022-09-22 20:00:00,1323.94,1334.99,1323.64,1324.28,1144369.0,114436.9,ETH-USDT-SWAP,OKX,60
2022-09-22 21:00:00,1324.25,1328.93,1306.87,1307.53,1116052.0,111605.2,ETH-USDT-SWAP,OKX,60
2022-09-22 22:00:00,1307.53,1331.99,1307.47,1323.48,2008038.0,200803.8,ETH-USDT-SWAP,OKX,60
2022-09-22 23:00:00,1323.39,1349.29,1322.14,1326.22,2235052.0,223505.2,ETH-USDT-SWAP,OKX,60
2022-09-23 00:00:00,1326.23,1339.68,1320.59,1320.89,1630049.0,163004.9,ETH-USDT-SWAP,OKX,60
2022-09-23 01:00:00,1320.9,1334.23,1314.22,1332.47,1989301.0,198930.1,ETH-USDT-SWAP,OKX,60
2022-09-23 02:00:00,1332.46,1334.28,1321.33,1324.3,1022346.0,102234.6,ETH-USDT-SWAP,OKX,60
2022-09-23 03:00:00,1324.3,1345.65,1324.24,1340.45,2015762.0,201576.2,ETH-USDT-SWAP,OKX,60
2022-09-23 04:00:00,1340.45,1360.0,1333.01,1349.6,2517729.0,251772.9,ETH-USDT-SWAP,OKX,60
2022-09-23 05:00:00,1349.6,1355.01,1342.08,1342.08,1559924.0,155992.4,ETH-USDT-SWAP,OKX,60
2022-09-23 06:00:00,1342.09,1349.35,1341.54,1342.19,932263.0,93226.3,ETH-USDT-SWAP,OKX,60
2022-09-23 07:00:00,1342.19,1343.43,1328.34,1331.98,2073040.0,207304.0,ETH-USDT-SWAP,OKX,60
2022-09-23 08:00:00,1331.97,1336.17,1313.09,1317.86,3517543.0,351754.3,ETH-USDT-SWAP,OKX,60
2022-09-23 09:00:00,1317.87,1323.0,1303.01,1313.02,2775483.0,277548.3,ETH-USDT-SWAP,OKX,60
2022-09-23 10:00:00,1313.0,1315.38,1288.08,1294.57,2859484.0,285948.4,ETH-USDT-SWAP,OKX,60
2022-09-23 11:00:00,1294.57,1297.13,1282.0,1287.96,2881474.0,288147.4,ETH-USDT-SWAP,OKX,60
2022-09-23 12:00:00,1287.87,1305.93,1285.85,1298.13,2793057.0,279305.7,ETH-USDT-SWAP,OKX,60
2022-09-23 13:00:00,1298.03,1319.26,1266.0,1270.43,5974238.0,597423.8,ETH-USDT-SWAP,OKX,60
2022-09-23 14:00:00,1270.43,1288.9,1261.28,1283.39,5360214.0,536021.4,ETH-USDT-SWAP,OKX,60
2022-09-23 15:00:00,1283.38,1309.2,1277.7,1294.16,4124041.0,412404.1,ETH-USDT-SWAP,OKX,60
2022-09-23 16:00:00,1294.16,1299.0,1278.0,1295.34,2927942.0,292794.2,ETH-USDT-SWAP,OKX,60
2022-09-23 17:00:00,1295.47,1302.87,1283.66,1295.53,2207539.0,220753.9,ETH-USDT-SWAP,OKX,60
2022-09-23 18:00:00,1295.78,1307.8,1277.0,1282.41,3669862.0,366986.2,ETH-USDT-SWAP,OKX,60
2022-09-23 19:00:00,1282.4,1295.32,1273.84,1292.35,2466740.0,246674.0,ETH-USDT-SWAP,OKX,60
2022-09-23 20:00:00,1292.12,1308.79,1292.07,1300.61,1291805.0,129180.5,ETH-USDT-SWAP,OKX,60
2022-09-23 21:00:00,1300.61,1330.99,1298.6,1325.99,1484669.0,148466.9,ETH-USDT-SWAP,OKX,60
2022-09-23 22:00:00,1325.98,1338.0,1324.11,1329.67,2018003.0,201800.3,ETH-USDT-SWAP,OKX,60
2022-09-23 23:00:00,1329.68,1340.13,1322.46,1327.13,1274287.0,127428.7,ETH-USDT-SWAP,OKX,60
2022-09-24 00:00:00,1327.14,1330.43,1311.0,1317.85,1752356.0,175235.6,ETH-USDT-SWAP,OKX,60
2022-09-24 01:00:00,1317.85,1325.2,1312.38,1318.49,1073227.0,107322.7,ETH-USDT-SWAP,OKX,60
2022-09-24 02:00:00,1318.69,1330.0,1316.45,1324.63,1270927.0,127092.7,ETH-USDT-SWAP,OKX,60
2022-09-24 03:00:00,1324.54,1327.6,1315.6,1321.56,1051713.0,105171.3,ETH-USDT-SWAP,OKX,60
2022-09-24 04:00:00,1321.56,1330.0,1318.2,1327.97,853726.0,85372.6,ETH-USDT-SWAP,OKX,60
2022-09-24 05:00:00,1327.96,1337.83,1323.64,1332.34,1240198.0,124019.8,ETH-USDT-SWAP,OKX,60
2022-09-24 06:00:00,1332.33,1335.41,1322.0,1324.3,1119755.0,111975.5,ETH-USDT-SWAP,OKX,60
2022-09-24 07:00:00,1324.29,1325.36,1316.39,1322.43,1059467.0,105946.7,ETH-USDT-SWAP,OKX,60
2022-09-24 08:00:00,1322.44,1331.0,1317.1,1329.26,1294895.0,129489.5,ETH-USDT-SWAP,OKX,60
2022-09-24 09:00:00,1329.26,1330.0,1321.15,1326.62,947874.0,94787.4,ETH-USDT-SWAP,OKX,60
2022-09-24 10:00:00,1326.62,1328.71,1320.29,1325.95,722899.0,72289.9,ETH-USDT-SWAP,OKX,60
2022-09-24 11:00:00,1325.94,1333.18,1323.83,1326.98,831180.0,83118.0,ETH-USDT-SWAP,OKX,60
2022-09-24 12:00:00,1326.86,1336.6,1326.0,1331.78,1060678.0,106067.8,ETH-USDT-SWAP,OKX,60
2022-09-24 13:00:00,1331.79,1348.62,1331.01,1342.4,2535366.0,253536.6,ETH-USDT-SWAP,OKX,60
2022-09-24 14:00:00,1342.41,1349.19,1339.02,1341.85,1711875.0,171187.5,ETH-USDT-SWAP,OKX,60
2022-09-24 15:00:00,1341.85,1345.0,1332.78,1340.02,1553115.0,155311.5,ETH-USDT-SWAP,OKX,60
2022-09-24 16:00:00,1340.01,1347.16,1337.05,1337.5,1377191.0,137719.1,ETH-USDT-SWAP,OKX,60
2022-09-24 17:00:00,1337.49,1343.26,1333.48,1336.47,786899.0,78689.9,ETH-USDT-SWAP,OKX,60
2022-09-24 18:00:00,1336.46,1344.51,1334.01,1343.67,672027.0,67202.7,ETH-USDT-SWAP,OKX,60
2022-09-24 19:00:00,1343.68,1348.55,1339.61,1342.02,821908.0,82190.8,ETH-USDT-SWAP,OKX,60
2022-09-24 20:00:00,1342.01,1343.99,1337.48,1341.86,463363.0,46336.3,ETH-USDT-SWAP,OKX,60
2022-09-24 21:00:00,1341.88,1342.47,1319.0,1323.0,1252590.0,125259.0,ETH-USDT-SWAP,OKX,60
2022-09-24 22:00:00,1322.96,1322.96,1306.39,1314.13,2114253.0,211425.3,ETH-USDT-SWAP,OKX,60
2022-09-24 23:00:00,1314.14,1321.37,1310.28,1317.03,1133210.0,113321.0,ETH-USDT-SWAP,OKX,60
2022-09-25 00:00:00,1317.03,1323.73,1314.25,1321.39,939261.0,93926.1,ETH-USDT-SWAP,OKX,60
2022-09-25 01:00:00,1321.47,1325.57,1318.41,1321.45,645415.0,64541.5,ETH-USDT-SWAP,OKX,60
2022-09-25 02:00:00,1321.38,1322.37,1315.98,1321.25,624359.0,62435.9,ETH-USDT-SWAP,OKX,60
2022-09-25 03:00:00,1321.14,1329.6,1318.71,1329.32,939421.0,93942.1,ETH-USDT-SWAP,OKX,60
2022-09-25 04:00:00,1329.33,1329.93,1325.0,1327.57,431671.0,43167.1,ETH-USDT-SWAP,OKX,60
2022-09-25 05:00:00,1327.57,1329.42,1319.27,1322.62,744213.0,74421.3,ETH-USDT-SWAP,OKX,60
2022-09-25 06:00:00,1322.5,1328.82,1321.61,1326.36,628647.0,62864.7,ETH-USDT-SWAP,OKX,60
2022-09-25 07:00:00,1326.36,1337.55,1324.11,1332.9,1316106.0,131610.6,ETH-USDT-SWAP,OKX,60
2022-09-25 08:00:00,1332.87,1334.84,1328.2,1330.6,676113.0,67611.3,ETH-USDT-SWAP,OKX,60
2022-09-25 09:00:00,1330.6,1332.46,1322.0,1323.43,705749.0,70574.9,ETH-USDT-SWAP,OKX,60
2022-09-25 10:00:00,1323.44,1327.46,1316.8,1325.37,1032561.0,103256.1,ETH-USDT-SWAP,OKX,60
2022-09-25 11:00:00,1325.37,1333.0,1325.09,1329.51,812898.0,81289.8,ETH-USDT-SWAP,OKX,60
2022-09-25 12:00:00,1329.5,1331.72,1322.1,1323.49,891713.0,89171.3,ETH-USDT-SWAP,OKX,60
2022-09-25 13:00:00,1323.49,1323.79,1297.0,1306.35,3570015.0,357001.5,ETH-USDT-SWAP,OKX,60
2022-09-25 14:00:00,1306.35,1310.72,1299.16,1306.31,1650720.0,165072.0,ETH-USDT-SWAP,OKX,60
2022-09-25 15:00:00,1306.3,1314.96,1305.31,1311.07,841636.0,84163.6,ETH-USDT-SWAP,OKX,60
2022-09-25 16:00:00,1311.06,1321.42,1300.9,1303.27,1669104.0,166910.4,ETH-USDT-SWAP,OKX,60
2022-09-25 17:00:00,1303.26,1304.4,1281.0,1297.37,3581722.0,358172.2,ETH-USDT-SWAP,OKX,60
2022-09-25 18:00:00,1297.37,1300.95,1288.97,1296.56,971168.0,97116.8,ETH-USDT-SWAP,OKX,60
2022-09-25 19:00:00,1296.57,1303.48,1294.56,1299.51,774229.0,77422.9,ETH-USDT-SWAP,OKX,60
2022-09-25 20:00:00,1299.5,1299.89,1290.84,1292.32,423248.0,42324.8,ETH-USDT-SWAP,OKX,60
2022-09-25 21:00:00,1292.31,1294.22,1280.0,1285.55,852193.0,85219.3,ETH-USDT-SWAP,OKX,60
2022-09-25 22:00:00,1285.55,1303.12,1267.08,1291.04,3062003.0,306200.3,ETH-USDT-SWAP,OKX,60
2022-09-25 23:00:00,1291.04,1300.23,1288.23,1294.68,1180736.0,118073.6,ETH-USDT-SWAP,OKX,60
2022-09-26 00:00:00,1294.67,1313.65,1290.0,1293.18,2408964.0,240896.4,ETH-USDT-SWAP,OKX,60
2022-09-26 01:00:00,1293.11,1307.38,1286.88,1301.5,2368975.0,236897.5,ETH-USDT-SWAP,OKX,60
2022-09-26 02:00:00,1301.5,1308.98,1299.3,1304.04,1334303.0,133430.3,ETH-USDT-SWAP,OKX,60
2022-09-26 03:00:00,1304.04,1314.88,1301.27,1303.37,1305286.0,130528.6,ETH-USDT-SWAP,OKX,60
2022-09-26 04:00:00,1303.25,1306.61,1293.6,1294.32,1231167.0,123116.7,ETH-USDT-SWAP,OKX,60
2022-09-26 05:00:00,1294.31,1296.62,1286.15,1290.71,1494748.0,149474.8,ETH-USDT-SWAP,OKX,60
2022-09-26 06:00:00,1290.71,1296.37,1277.59,1280.57,2490502.0,249050.2,ETH-USDT-SWAP,OKX,60
2022-09-26 07:00:00,1280.76,1300.7,1279.18,1295.63,2448421.0,244842.1,ETH-USDT-SWAP,OKX,60
2022-09-26 08:00:00,1295.64,1323.09,1293.07,1320.59,3043317.0,304331.7,ETH-USDT-SWAP,OKX,60
2022-09-26 09:00:00,1320.59,1325.24,1307.8,1309.63,2572752.0,257275.2,ETH-USDT-SWAP,OKX,60
2022-09-26 10:00:00,1309.65,1318.24,1306.65,1311.61,1579636.0,157963.6,ETH-USDT-SWAP,OKX,60
2022-09-26 11:00:00,1311.69,1313.47,1288.79,1297.05,2697374.0,269737.4,ETH-USDT-SWAP,OKX,60
2022-09-26 12:00:00,1297.09,1321.85,1293.64,1315.98,2859213.0,285921.3,ETH-USDT-SWAP,OKX,60
2022-09-26 13:00:00,1315.98,1326.99,1308.47,1324.72,3557949.0,355794.9,ETH-USDT-SWAP,OKX,60
2022-09-26 14:00:00,1324.73,1338.78,1320.7,1329.59,4366435.0,436643.5,ETH-USDT-SWAP,OKX,60
2022-09-26 15:00:00,1329.67,1331.99,1314.33,1324.72,3134310.0,313431.0,ETH-USDT-SWAP,OKX,60
2022-09-26 16:00:00,1324.71,1324.78,1311.51,1322.33,2286028.0,228602.8,ETH-USDT-SWAP,OKX,60
2022-09-26 17:00:00,1322.33,1327.78,1315.19,1322.91,1512096.0,151209.6,ETH-USDT-SWAP,OKX,60
2022-09-26 18:00:00,1322.9,1333.0,1321.24,1331.09,1399054.0,139905.4,ETH-USDT-SWAP,OKX,60
2022-09-26 19:00:00,1331.17,1341.73,1326.69,1330.63,2237734.0,223773.4,ETH-USDT-SWAP,OKX,60
2022-09-26 20:00:00,1330.62,1331.69,1321.32,1324.91,860503.0,86050.3,ETH-USDT-SWAP,OKX,60
2022-09-26 21:00:00,1324.9,1326.87,1315.13,1317.22,504070.0,50407.0,ETH-USDT-SWAP,OKX,60
2022-09-26 22:00:00,1317.23,1334.79,1315.48,1327.2,693517.0,69351.7,ETH-USDT-SWAP,OKX,60
2022-09-26 23:00:00,1327.21,1338.0,1327.06,1336.12,938056.0,93805.6,ETH-USDT-SWAP,OKX,60
2022-09-27 00:00:00,1336.11,1348.12,1332.02,1342.78,2122029.0,212202.9,ETH-USDT-SWAP,OKX,60
2022-09-27 01:00:00,1342.68,1380.0,1342.01,1366.88,4606336.0,460633.6,ETH-USDT-SWAP,OKX,60
2022-09-27 02:00:00,1366.89,1377.23,1361.56,1376.45,1614579.0,161457.9,ETH-USDT-SWAP,OKX,60
2022-09-27 03:00:00,1376.44,1390.0,1370.57,1385.36,3449264.0,344926.4,ETH-USDT-SWAP,OKX,60
2022-09-27 04:00:00,1385.36,1387.39,1379.2,1380.32,1316145.0,131614.5,ETH-USDT-SWAP,OKX,60
2022-09-27 05:00:00,1380.32,1386.77,1375.01,1386.63,1588923.0,158892.3,ETH-USDT-SWAP,OKX,60
2022-09-27 06:00:00,1386.62,1394.59,1383.15,1383.86,2066433.0,206643.3,ETH-USDT-SWAP,OKX,60
2022-09-27 07:00:00,1383.85,1390.0,1380.31,1381.96,1257862.0,125786.2,ETH-USDT-SWAP,OKX,60
2022-09-27 08:00:00,1381.96,1384.85,1375.82,1378.39,1106777.0,110677.7,ETH-USDT-SWAP,OKX,60
2022-09-27 09:00:00,1378.38,1386.81,1375.43,1384.65,1290814.0,129081.4,ETH-USDT-SWAP,OKX,60
2022-09-27 10:00:00,1384.65,1389.0,1383.0,1386.72,1095127.0,109512.7,ETH-USDT-SWAP,OKX,60
2022-09-27 11:00:00,1386.72,1401.39,1381.44,1388.51,2718118.0,271811.8,ETH-USDT-SWAP,OKX,60
2022-09-27 12:00:00,1388.51,1399.99,1385.25,1391.97,2527411.0,252741.1,ETH-USDT-SWAP,OKX,60
2022-09-27 13:00:00,1391.96,1399.0,1382.85,1388.07,3346554.0,334655.4,ETH-USDT-SWAP,OKX,60
2022-09-27 14:00:00,1388.08,1391.52,1380.02,1388.45,2349015.0,234901.5,ETH-USDT-SWAP,OKX,60
2022-09-27 15:00:00,1388.42,1390.57,1365.05,1365.58,3097674.0,309767.4,ETH-USDT-SWAP,OKX,60
2022-09-27 16:00:00,1365.58,1368.2,1320.0,1332.05,8461268.0,846126.8,ETH-USDT-SWAP,OKX,60
2022-09-27 17:00:00,1332.13,1332.13,1306.38,1314.68,4357924.0,435792.4,ETH-USDT-SWAP,OKX,60
2022-09-27 18:00:00,1314.67,1325.67,1303.56,1323.13,2869309.0,286930.9,ETH-USDT-SWAP,OKX,60
2022-09-27 19:00:00,1323.14,1331.92,1311.78,1324.5,2135087.0,213508.7,ETH-USDT-SWAP,OKX,60
2022-09-27 20:00:00,1324.49,1325.4,1317.35,1324.99,998569.0,99856.9,ETH-USDT-SWAP,OKX,60
2022-09-27 21:00:00,1325.0,1326.08,1317.01,1322.16,628706.0,62870.6,ETH-USDT-SWAP,OKX,60
2022-09-27 22:00:00,1322.15,1331.82,1317.17,1329.99,1211281.0,121128.1,ETH-USDT-SWAP,OKX,60
2022-09-27 23:00:00,1330.0,1335.19,1326.52,1327.96,860969.0,86096.9,ETH-USDT-SWAP,OKX,60
2022-09-28 00:00:00,1327.97,1340.51,1327.97,1333.66,1406763.0,140676.3,ETH-USDT-SWAP,OKX,60
2022-09-28 01:00:00,1333.66,1336.52,1306.0,1310.84,2855897.0,285589.7,ETH-USDT-SWAP,OKX,60
2022-09-28 02:00:00,1310.77,1312.77,1266.73,1277.07,5729712.0,572971.2,ETH-USDT-SWAP,OKX,60
2022-09-28 03:00:00,1277.06,1288.41,1275.74,1287.0,1823659.0,182365.9,ETH-USDT-SWAP,OKX,60
2022-09-28 04:00:00,1286.99,1288.91,1281.33,1283.84,1139037.0,113903.7,ETH-USDT-SWAP,OKX,60
2022-09-28 05:00:00,1283.84,1287.0,1276.32,1286.42,976084.0,97608.4,ETH-USDT-SWAP,OKX,60
2022-09-28 06:00:00,1286.41,1293.38,1277.4,1277.41,1614587.0,161458.7,ETH-USDT-SWAP,OKX,60
2022-09-28 07:00:00,1277.41,1286.3,1266.03,1285.22,3043879.0,304387.9,ETH-USDT-SWAP,OKX,60
2022-09-28 08:00:00,1285.31,1285.98,1276.83,1282.7,1246348.0,124634.8,ETH-USDT-SWAP,OKX,60
2022-09-28 09:00:00,1282.7,1283.97,1270.0,1273.29,2070650.0,207065.0,ETH-USDT-SWAP,OKX,60
2022-09-28 10:00:00,1273.29,1312.2,1251.28,1303.04,8340677.0,834067.7,ETH-USDT-SWAP,OKX,60
2022-09-28 11:00:00,1302.99,1305.76,1287.09,1295.43,2684046.0,268404.6,ETH-USDT-SWAP,OKX,60
2022-09-28 12:00:00,1295.42,1311.0,1293.21,1304.1,2445752.0,244575.2,ETH-USDT-SWAP,OKX,60
2022-09-28 13:00:00,1304.25,1319.84,1298.0,1310.41,3842634.0,384263.4,ETH-USDT-SWAP,OKX,60
2022-09-28 14:00:00,1310.41,1331.93,1304.97,1325.58,4124616.0,412461.6,ETH-USDT-SWAP,OKX,60
2022-09-28 15:00:00,1325.58,1332.98,1322.05,1331.8,2269269.0,226926.9,ETH-USDT-SWAP,OKX,60
2022-09-28 16:00:00,1331.81,1339.52,1327.71,1329.17,2170272.0,217027.2,ETH-USDT-SWAP,OKX,60
2022-09-28 17:00:00,1329.22,1335.18,1310.72,1322.38,2447685.0,244768.5,ETH-USDT-SWAP,OKX,60
2022-09-28 18:00:00,1322.37,1336.66,1314.57,1333.09,1880688.0,188068.8,ETH-USDT-SWAP,OKX,60
2022-09-28 19:00:00,1333.09,1343.96,1321.81,1333.85,1515747.0,151574.7,ETH-USDT-SWAP,OKX,60
2022-09-28 20:00:00,1334.23,1357.35,1333.0,1350.92,2154882.0,215488.2,ETH-USDT-SWAP,OKX,60
2022-09-28 21:00:00,1350.91,1355.89,1341.0,1345.5,844820.0,84482.0,ETH-USDT-SWAP,OKX,60
2022-09-28 22:00:00,1345.51,1346.69,1333.44,1338.05,1190504.0,119050.4,ETH-USDT-SWAP,OKX,60
2022-09-28 23:00:00,1338.04,1344.17,1335.59,1337.1,651862.0,65186.2,ETH-USDT-SWAP,OKX,60
2022-09-29 00:00:00,1337.09,1344.2,1327.34,1334.41,1377807.0,137780.7,ETH-USDT-SWAP,OKX,60
2022-09-29 01:00:00,1334.4,1352.47,1333.25,1344.19,1603849.0,160384.9,ETH-USDT-SWAP,OKX,60
2022-09-29 02:00:00,1344.19,1346.49,1330.34,1336.8,1761206.0,176120.6,ETH-USDT-SWAP,OKX,60
2022-09-29 03:00:00,1336.8,1343.58,1332.57,1341.98,1067432.0,106743.2,ETH-USDT-SWAP,OKX,60
2022-09-29 04:00:00,1341.99,1346.19,1338.87,1341.1,870053.0,87005.3,ETH-USDT-SWAP,OKX,60
2022-09-29 05:00:00,1341.15,1344.79,1329.07,1332.37,1616723.0,161672.3,ETH-USDT-SWAP,OKX,60
2022-09-29 06:00:00,1332.3,1332.3,1322.0,1328.45,1940374.0,194037.4,ETH-USDT-SWAP,OKX,60
2022-09-29 07:00:00,1328.5,1330.43,1313.03,1322.0,2812362.0,281236.2,ETH-USDT-SWAP,OKX,60
2022-09-29 08:00:00,1321.99,1325.92,1314.0,1324.32,1678122.0,167812.2,ETH-USDT-SWAP,OKX,60
2022-09-29 09:00:00,1324.21,1340.42,1322.51,1336.96,2398008.0,239800.8,ETH-USDT-SWAP,OKX,60
2022-09-29 10:00:00,1336.96,1342.77,1332.5,1336.87,1160724.0,116072.4,ETH-USDT-SWAP,OKX,60
2022-09-29 11:00:00,1336.87,1346.0,1332.44,1336.68,1674661.0,167466.1,ETH-USDT-SWAP,OKX,60
2022-09-29 12:00:00,1336.69,1337.78,1311.54,1319.95,4681134.0,468113.4,ETH-USDT-SWAP,OKX,60
2022-09-29 13:00:00,1319.91,1329.87,1293.85,1301.31,4957547.0,495754.7,ETH-USDT-SWAP,OKX,60
2022-09-29 14:00:00,1301.32,1324.31,1288.01,1320.31,5650618.0,565061.8,ETH-USDT-SWAP,OKX,60
2022-09-29 15:00:00,1320.31,1333.0,1317.0,1326.86,3252404.0,325240.4,ETH-USDT-SWAP,OKX,60
2022-09-29 16:00:00,1326.87,1348.68,1314.02,1337.51,4049562.0,404956.2,ETH-USDT-SWAP,OKX,60
2022-09-29 17:00:00,1337.5,1342.0,1326.01,1326.38,1922590.0,192259.0,ETH-USDT-SWAP,OKX,60
2022-09-29 18:00:00,1326.54,1339.99,1319.1,1327.01,2223698.0,222369.8,ETH-USDT-SWAP,OKX,60
2022-09-29 19:00:00,1326.96,1341.74,1326.85,1333.33,1472364.0,147236.4,ETH-USDT-SWAP,OKX,60
2022-09-29 20:00:00,1333.18,1339.46,1329.71,1337.57,575785.0,57578.5,ETH-USDT-SWAP,OKX,60
2022-09-29 21:00:00,1337.5,1338.62,1331.2,1332.22,424164.0,42416.4,ETH-USDT-SWAP,OKX,60
2022-09-29 22:00:00,1332.22,1340.7,1323.42,1329.43,929361.0,92936.1,ETH-USDT-SWAP,OKX,60
2022-09-29 23:00:00,1329.41,1338.0,1325.88,1335.57,956248.0,95624.8,ETH-USDT-SWAP,OKX,60
2022-09-30 00:00:00,1335.58,1352.69,1327.33,1337.55,2759130.0,275913.0,ETH-USDT-SWAP,OKX,60
2022-09-30 01:00:00,1337.56,1338.26,1328.41,1336.0,1187811.0,118781.1,ETH-USDT-SWAP,OKX,60
2022-09-30 02:00:00,1336.1,1336.94,1325.0,1326.37,1273918.0,127391.8,ETH-USDT-SWAP,OKX,60
2022-09-30 03:00:00,1326.52,1329.93,1318.79,1327.74,1212590.0,121259.0,ETH-USDT-SWAP,OKX,60
2022-09-30 04:00:00,1327.74,1331.52,1325.83,1328.58,548715.0,54871.5,ETH-USDT-SWAP,OKX,60
2022-09-30 05:00:00,1328.58,1335.72,1328.17,1329.87,940629.0,94062.9,ETH-USDT-SWAP,OKX,60
2022-09-30 06:00:00,1329.86,1334.77,1329.3,1332.94,653677.0,65367.7,ETH-USDT-SWAP,OKX,60
2022-09-30 07:00:00,1332.97,1346.0,1332.2,1340.23,2258252.0,225825.2,ETH-USDT-SWAP,OKX,60
2022-09-30 08:00:00,1340.25,1349.53,1337.27,1348.43,1438548.0,143854.8,ETH-USDT-SWAP,OKX,60
2022-09-30 09:00:00,1348.43,1348.79,1339.22,1342.68,1211931.0,121193.1,ETH-USDT-SWAP,OKX,60
2022-09-30 10:00:00,1342.68,1344.96,1331.82,1337.22,1570922.0,157092.2,ETH-USDT-SWAP,OKX,60
2022-09-30 11:00:00,1337.22,1339.66,1325.66,1330.95,1259987.0,125998.7,ETH-USDT-SWAP,OKX,60
2022-09-30 12:00:00,1330.83,1344.94,1312.5,1327.62,6293187.0,629318.7,ETH-USDT-SWAP,OKX,60
2022-09-30 13:00:00,1327.62,1337.0,1315.69,1335.9,3565318.0,356531.8,ETH-USDT-SWAP,OKX,60
2022-09-30 14:00:00,1335.9,1364.56,1332.68,1359.96,5019453.0,501945.3,ETH-USDT-SWAP,OKX,60
2022-09-30 15:00:00,1359.97,1374.66,1348.09,1351.5,4029475.0,402947.5,ETH-USDT-SWAP,OKX,60
2022-09-30 16:00:00,1351.5,1362.0,1341.73,1352.58,2960708.0,296070.8,ETH-USDT-SWAP,OKX,60
2022-09-30 17:00:00,1352.64,1358.0,1340.9,1345.47,1372638.0,137263.8,ETH-USDT-SWAP,OKX,60
2022-09-30 18:00:00,1345.46,1354.37,1342.55,1347.48,1212475.0,121247.5,ETH-USDT-SWAP,OKX,60
2022-09-30 19:00:00,1347.54,1355.0,1332.32,1337.41,1607471.0,160747.1,ETH-USDT-SWAP,OKX,60
2022-09-30 20:00:00,1337.41,1344.82,1328.33,1332.17,1407171.0,140717.1,ETH-USDT-SWAP,OKX,60
